time,send,recieve
"time.struct_time(tm_year=2018, tm_mon=1, tm_mday=6, tm_hour=14, tm_min=38, tm_sec=31, tm_wday=5, tm_yday=6, tm_isdst=0)",b'1001\r\n',b'000004\r\n'
"time.struct_time(tm_year=2018, tm_mon=1, tm_mday=6, tm_hour=14, tm_min=38, tm_sec=31, tm_wday=5, tm_yday=6, tm_isdst=0)",b'1002\r\n',b'000004\r\n'
"time.struct_time(tm_year=2018, tm_mon=1, tm_mday=6, tm_hour=14, tm_min=38, tm_sec=32, tm_wday=5, tm_yday=6, tm_isdst=0)",b'1003\r\n',b'000004\r\n'
"time.struct_time(tm_year=2018, tm_mon=1, tm_mday=6, tm_hour=14, tm_min=38, tm_sec=32, tm_wday=5, tm_yday=6, tm_isdst=0)",b'1004\r\n',b'000001\r\n'
"time.struct_time(tm_year=2018, tm_mon=1, tm_mday=6, tm_hour=14, tm_min=38, tm_sec=32, tm_wday=5, tm_yday=6, tm_isdst=0)",b'1005\r\n',b'000001\r\n'
"time.struct_time(tm_year=2018, tm_mon=1, tm_mday=6, tm_hour=14, tm_min=38, tm_sec=32, tm_wday=5, tm_yday=6, tm_isdst=0)",b'1006\r\n',b'000000\r\n'
"time.struct_time(tm_year=2018, tm_mon=1, tm_mday=6, tm_hour=14, tm_min=38, tm_sec=32, tm_wday=5, tm_yday=6, tm_isdst=0)",b'1007\r\n',b'000000\r\n'
"time.struct_time(tm_year=2018, tm_mon=1, tm_mday=6, tm_hour=14, tm_min=38, tm_sec=32, tm_wday=5, tm_yday=6, tm_isdst=0)",b'1008\r\n',b'000000\r\n'
"time.struct_time(tm_year=2018, tm_mon=1, tm_mday=6, tm_hour=14, tm_min=38, tm_sec=32, tm_wday=5, tm_yday=6, tm_isdst=0)",b'1009\r\n',b'000000\r\n'
"time.struct_time(tm_year=2018, tm_mon=1, tm_mday=6, tm_hour=14, tm_min=38, tm_sec=32, tm_wday=5, tm_yday=6, tm_isdst=0)",b'1010\r\n',b'000000\r\n'
"time.struct_time(tm_year=2018, tm_mon=1, tm_mday=6, tm_hour=14, tm_min=38, tm_sec=32, tm_wday=5, tm_yday=6, tm_isdst=0)",b'1011\r\n',b'000000\r\n'
"time.struct_time(tm_year=2018, tm_mon=1, tm_mday=6, tm_hour=14, tm_min=38, tm_sec=32, tm_wday=5, tm_yday=6, tm_isdst=0)",b'1012\r\n',b'000000\r\n'
"time.struct_time(tm_year=2018, tm_mon=1, tm_mday=6, tm_hour=14, tm_min=38, tm_sec=32, tm_wday=5, tm_yday=6, tm_isdst=0)",b'1013\r\n',b'000000\r\n'
"time.struct_time(tm_year=2018, tm_mon=1, tm_mday=6, tm_hour=14, tm_min=38, tm_sec=32, tm_wday=5, tm_yday=6, tm_isdst=0)",b'1014\r\n',b'000000\r\n'
"time.struct_time(tm_year=2018, tm_mon=1, tm_mday=6, tm_hour=14, tm_min=38, tm_sec=32, tm_wday=5, tm_yday=6, tm_isdst=0)",b'1015\r\n',b'000000\r\n'
"time.struct_time(tm_year=2018, tm_mon=1, tm_mday=6, tm_hour=14, tm_min=38, tm_sec=33, tm_wday=5, tm_yday=6, tm_isdst=0)",b'1016\r\n',b'000000\r\n'
"time.struct_time(tm_year=2018, tm_mon=1, tm_mday=6, tm_hour=14, tm_min=38, tm_sec=33, tm_wday=5, tm_yday=6, tm_isdst=0)",b'1017\r\n',b'000000\r\n'
"time.struct_time(tm_year=2018, tm_mon=1, tm_mday=6, tm_hour=14, tm_min=38, tm_sec=33, tm_wday=5, tm_yday=6, tm_isdst=0)",b'1018\r\n',b'000000\r\n'
"time.struct_time(tm_year=2018, tm_mon=1, tm_mday=6, tm_hour=14, tm_min=38, tm_sec=33, tm_wday=5, tm_yday=6, tm_isdst=0)",b'1019\r\n',b'000000\r\n'
"time.struct_time(tm_year=2018, tm_mon=1, tm_mday=6, tm_hour=14, tm_min=38, tm_sec=33, tm_wday=5, tm_yday=6, tm_isdst=0)",b'1020\r\n',b'000001\r\n'
"time.struct_time(tm_year=2018, tm_mon=1, tm_mday=6, tm_hour=14, tm_min=38, tm_sec=33, tm_wday=5, tm_yday=6, tm_isdst=0)",b'1021\r\n',b'000001\r\n'
"time.struct_time(tm_year=2018, tm_mon=1, tm_mday=6, tm_hour=14, tm_min=38, tm_sec=33, tm_wday=5, tm_yday=6, tm_isdst=0)",b'1022\r\n',b'000001\r\n'
"time.struct_time(tm_year=2018, tm_mon=1, tm_mday=6, tm_hour=14, tm_min=38, tm_sec=33, tm_wday=5, tm_yday=6, tm_isdst=0)",b'1023\r\n',b'000001\r\n'
"time.struct_time(tm_year=2018, tm_mon=1, tm_mday=6, tm_hour=14, tm_min=38, tm_sec=33, tm_wday=5, tm_yday=6, tm_isdst=0)",b'1024\r\n',b'000001\r\n'
"time.struct_time(tm_year=2018, tm_mon=1, tm_mday=6, tm_hour=14, tm_min=38, tm_sec=33, tm_wday=5, tm_yday=6, tm_isdst=0)",b'1025\r\n',b'000001\r\n'
"time.struct_time(tm_year=2018, tm_mon=1, tm_mday=6, tm_hour=14, tm_min=38, tm_sec=33, tm_wday=5, tm_yday=6, tm_isdst=0)",b'1026\r\n',b'000001\r\n'
"time.struct_time(tm_year=2018, tm_mon=1, tm_mday=6, tm_hour=14, tm_min=38, tm_sec=33, tm_wday=5, tm_yday=6, tm_isdst=0)",b'1027\r\n',b'000001\r\n'
"time.struct_time(tm_year=2018, tm_mon=1, tm_mday=6, tm_hour=14, tm_min=38, tm_sec=33, tm_wday=5, tm_yday=6, tm_isdst=0)",b'1028\r\n',b'000001\r\n'
"time.struct_time(tm_year=2018, tm_mon=1, tm_mday=6, tm_hour=14, tm_min=38, tm_sec=34, tm_wday=5, tm_yday=6, tm_isdst=0)",b'1029\r\n',b'000001\r\n'
"time.struct_time(tm_year=2018, tm_mon=1, tm_mday=6, tm_hour=14, tm_min=38, tm_sec=34, tm_wday=5, tm_yday=6, tm_isdst=0)",b'1030\r\n',b'000001\r\n'
"time.struct_time(tm_year=2018, tm_mon=1, tm_mday=6, tm_hour=14, tm_min=38, tm_sec=34, tm_wday=5, tm_yday=6, tm_isdst=0)",b'1031\r\n',b'000001\r\n'
"time.struct_time(tm_year=2018, tm_mon=1, tm_mday=6, tm_hour=14, tm_min=38, tm_sec=34, tm_wday=5, tm_yday=6, tm_isdst=0)",b'1032\r\n',b'000001\r\n'
"time.struct_time(tm_year=2018, tm_mon=1, tm_mday=6, tm_hour=14, tm_min=38, tm_sec=34, tm_wday=5, tm_yday=6, tm_isdst=0)",b'1033\r\n',b'000001\r\n'
"time.struct_time(tm_year=2018, tm_mon=1, tm_mday=6, tm_hour=14, tm_min=38, tm_sec=34, tm_wday=5, tm_yday=6, tm_isdst=0)",b'1034\r\n',b'000001\r\n'
"time.struct_time(tm_year=2018, tm_mon=1, tm_mday=6, tm_hour=14, tm_min=38, tm_sec=34, tm_wday=5, tm_yday=6, tm_isdst=0)",b'1035\r\n',b'000001\r\n'
"time.struct_time(tm_year=2018, tm_mon=1, tm_mday=6, tm_hour=14, tm_min=38, tm_sec=34, tm_wday=5, tm_yday=6, tm_isdst=0)",b'1036\r\n',b'000001\r\n'
"time.struct_time(tm_year=2018, tm_mon=1, tm_mday=6, tm_hour=14, tm_min=38, tm_sec=34, tm_wday=5, tm_yday=6, tm_isdst=0)",b'1037\r\n',b'000001\r\n'
"time.struct_time(tm_year=2018, tm_mon=1, tm_mday=6, tm_hour=14, tm_min=38, tm_sec=34, tm_wday=5, tm_yday=6, tm_isdst=0)",b'1038\r\n',b'000001\r\n'
"time.struct_time(tm_year=2018, tm_mon=1, tm_mday=6, tm_hour=14, tm_min=38, tm_sec=34, tm_wday=5, tm_yday=6, tm_isdst=0)",b'1039\r\n',b'000001\r\n'
"time.struct_time(tm_year=2018, tm_mon=1, tm_mday=6, tm_hour=14, tm_min=38, tm_sec=34, tm_wday=5, tm_yday=6, tm_isdst=0)",b'1040\r\n',b'000001\r\n'
"time.struct_time(tm_year=2018, tm_mon=1, tm_mday=6, tm_hour=14, tm_min=38, tm_sec=34, tm_wday=5, tm_yday=6, tm_isdst=0)",b'1041\r\n',b'000001\r\n'
"time.struct_time(tm_year=2018, tm_mon=1, tm_mday=6, tm_hour=14, tm_min=38, tm_sec=35, tm_wday=5, tm_yday=6, tm_isdst=0)",b'1042\r\n',b'000001\r\n'
"time.struct_time(tm_year=2018, tm_mon=1, tm_mday=6, tm_hour=14, tm_min=38, tm_sec=35, tm_wday=5, tm_yday=6, tm_isdst=0)",b'1043\r\n',b'000001\r\n'
"time.struct_time(tm_year=2018, tm_mon=1, tm_mday=6, tm_hour=14, tm_min=38, tm_sec=35, tm_wday=5, tm_yday=6, tm_isdst=0)",b'1044\r\n',b'000001\r\n'
"time.struct_time(tm_year=2018, tm_mon=1, tm_mday=6, tm_hour=14, tm_min=38, tm_sec=35, tm_wday=5, tm_yday=6, tm_isdst=0)",b'1045\r\n',b'000001\r\n'
"time.struct_time(tm_year=2018, tm_mon=1, tm_mday=6, tm_hour=14, tm_min=38, tm_sec=35, tm_wday=5, tm_yday=6, tm_isdst=0)",b'1046\r\n',b'000001\r\n'
"time.struct_time(tm_year=2018, tm_mon=1, tm_mday=6, tm_hour=14, tm_min=38, tm_sec=35, tm_wday=5, tm_yday=6, tm_isdst=0)",b'1047\r\n',b'000001\r\n'
"time.struct_time(tm_year=2018, tm_mon=1, tm_mday=6, tm_hour=14, tm_min=38, tm_sec=35, tm_wday=5, tm_yday=6, tm_isdst=0)",b'1048\r\n',b'000001\r\n'
"time.struct_time(tm_year=2018, tm_mon=1, tm_mday=6, tm_hour=14, tm_min=38, tm_sec=35, tm_wday=5, tm_yday=6, tm_isdst=0)",b'1049\r\n',b'000001\r\n'
"time.struct_time(tm_year=2018, tm_mon=1, tm_mday=6, tm_hour=14, tm_min=38, tm_sec=35, tm_wday=5, tm_yday=6, tm_isdst=0)",b'1050\r\n',b'000001\r\n'
"time.struct_time(tm_year=2018, tm_mon=1, tm_mday=6, tm_hour=14, tm_min=38, tm_sec=35, tm_wday=5, tm_yday=6, tm_isdst=0)",b'1051\r\n',b'000001\r\n'
"time.struct_time(tm_year=2018, tm_mon=1, tm_mday=6, tm_hour=14, tm_min=38, tm_sec=35, tm_wday=5, tm_yday=6, tm_isdst=0)",b'1052\r\n',b'000001\r\n'
"time.struct_time(tm_year=2018, tm_mon=1, tm_mday=6, tm_hour=14, tm_min=38, tm_sec=35, tm_wday=5, tm_yday=6, tm_isdst=0)",b'1053\r\n',b'000001\r\n'
"time.struct_time(tm_year=2018, tm_mon=1, tm_mday=6, tm_hour=14, tm_min=38, tm_sec=35, tm_wday=5, tm_yday=6, tm_isdst=0)",b'1054\r\n',b'000001\r\n'
"time.struct_time(tm_year=2018, tm_mon=1, tm_mday=6, tm_hour=14, tm_min=38, tm_sec=36, tm_wday=5, tm_yday=6, tm_isdst=0)",b'1055\r\n',b'000001\r\n'
"time.struct_time(tm_year=2018, tm_mon=1, tm_mday=6, tm_hour=14, tm_min=38, tm_sec=36, tm_wday=5, tm_yday=6, tm_isdst=0)",b'1056\r\n',b'000001\r\n'
"time.struct_time(tm_year=2018, tm_mon=1, tm_mday=6, tm_hour=14, tm_min=38, tm_sec=36, tm_wday=5, tm_yday=6, tm_isdst=0)",b'1057\r\n',b'000001\r\n'
"time.struct_time(tm_year=2018, tm_mon=1, tm_mday=6, tm_hour=14, tm_min=38, tm_sec=36, tm_wday=5, tm_yday=6, tm_isdst=0)",b'1058\r\n',b'000001\r\n'
"time.struct_time(tm_year=2018, tm_mon=1, tm_mday=6, tm_hour=14, tm_min=38, tm_sec=36, tm_wday=5, tm_yday=6, tm_isdst=0)",b'1059\r\n',b'000001\r\n'
"time.struct_time(tm_year=2018, tm_mon=1, tm_mday=6, tm_hour=14, tm_min=38, tm_sec=36, tm_wday=5, tm_yday=6, tm_isdst=0)",b'1060\r\n',b'000001\r\n'
"time.struct_time(tm_year=2018, tm_mon=1, tm_mday=6, tm_hour=14, tm_min=38, tm_sec=36, tm_wday=5, tm_yday=6, tm_isdst=0)",b'1061\r\n',b'000001\r\n'
"time.struct_time(tm_year=2018, tm_mon=1, tm_mday=6, tm_hour=14, tm_min=38, tm_sec=36, tm_wday=5, tm_yday=6, tm_isdst=0)",b'1062\r\n',b'000001\r\n'
"time.struct_time(tm_year=2018, tm_mon=1, tm_mday=6, tm_hour=14, tm_min=38, tm_sec=36, tm_wday=5, tm_yday=6, tm_isdst=0)",b'1063\r\n',b'000001\r\n'
"time.struct_time(tm_year=2018, tm_mon=1, tm_mday=6, tm_hour=14, tm_min=38, tm_sec=36, tm_wday=5, tm_yday=6, tm_isdst=0)",b'1064\r\n',b'000001\r\n'
"time.struct_time(tm_year=2018, tm_mon=1, tm_mday=6, tm_hour=14, tm_min=38, tm_sec=36, tm_wday=5, tm_yday=6, tm_isdst=0)",b'1065\r\n',b'000001\r\n'
"time.struct_time(tm_year=2018, tm_mon=1, tm_mday=6, tm_hour=14, tm_min=38, tm_sec=36, tm_wday=5, tm_yday=6, tm_isdst=0)",b'1066\r\n',b'000001\r\n'
"time.struct_time(tm_year=2018, tm_mon=1, tm_mday=6, tm_hour=14, tm_min=38, tm_sec=36, tm_wday=5, tm_yday=6, tm_isdst=0)",b'1067\r\n',b'000001\r\n'
"time.struct_time(tm_year=2018, tm_mon=1, tm_mday=6, tm_hour=14, tm_min=38, tm_sec=37, tm_wday=5, tm_yday=6, tm_isdst=0)",b'1068\r\n',b'000002\r\n'
"time.struct_time(tm_year=2018, tm_mon=1, tm_mday=6, tm_hour=14, tm_min=38, tm_sec=37, tm_wday=5, tm_yday=6, tm_isdst=0)",b'1069\r\n',b'000002\r\n'
"time.struct_time(tm_year=2018, tm_mon=1, tm_mday=6, tm_hour=14, tm_min=38, tm_sec=37, tm_wday=5, tm_yday=6, tm_isdst=0)",b'1070\r\n',b'000002\r\n'
"time.struct_time(tm_year=2018, tm_mon=1, tm_mday=6, tm_hour=14, tm_min=38, tm_sec=37, tm_wday=5, tm_yday=6, tm_isdst=0)",b'1071\r\n',b'000002\r\n'
"time.struct_time(tm_year=2018, tm_mon=1, tm_mday=6, tm_hour=14, tm_min=38, tm_sec=37, tm_wday=5, tm_yday=6, tm_isdst=0)",b'1072\r\n',b'000002\r\n'
"time.struct_time(tm_year=2018, tm_mon=1, tm_mday=6, tm_hour=14, tm_min=38, tm_sec=37, tm_wday=5, tm_yday=6, tm_isdst=0)",b'1073\r\n',b'000002\r\n'
"time.struct_time(tm_year=2018, tm_mon=1, tm_mday=6, tm_hour=14, tm_min=38, tm_sec=37, tm_wday=5, tm_yday=6, tm_isdst=0)",b'1074\r\n',b'000002\r\n'
"time.struct_time(tm_year=2018, tm_mon=1, tm_mday=6, tm_hour=14, tm_min=38, tm_sec=37, tm_wday=5, tm_yday=6, tm_isdst=0)",b'1075\r\n',b'000002\r\n'
"time.struct_time(tm_year=2018, tm_mon=1, tm_mday=6, tm_hour=14, tm_min=38, tm_sec=37, tm_wday=5, tm_yday=6, tm_isdst=0)",b'1076\r\n',b'000002\r\n'
"time.struct_time(tm_year=2018, tm_mon=1, tm_mday=6, tm_hour=14, tm_min=38, tm_sec=37, tm_wday=5, tm_yday=6, tm_isdst=0)",b'1077\r\n',b'000002\r\n'
"time.struct_time(tm_year=2018, tm_mon=1, tm_mday=6, tm_hour=14, tm_min=38, tm_sec=37, tm_wday=5, tm_yday=6, tm_isdst=0)",b'1078\r\n',b'000002\r\n'
"time.struct_time(tm_year=2018, tm_mon=1, tm_mday=6, tm_hour=14, tm_min=38, tm_sec=37, tm_wday=5, tm_yday=6, tm_isdst=0)",b'1079\r\n',b'000002\r\n'
"time.struct_time(tm_year=2018, tm_mon=1, tm_mday=6, tm_hour=14, tm_min=38, tm_sec=37, tm_wday=5, tm_yday=6, tm_isdst=0)",b'1080\r\n',b'000002\r\n'
"time.struct_time(tm_year=2018, tm_mon=1, tm_mday=6, tm_hour=14, tm_min=38, tm_sec=38, tm_wday=5, tm_yday=6, tm_isdst=0)",b'1081\r\n',b'000002\r\n'
"time.struct_time(tm_year=2018, tm_mon=1, tm_mday=6, tm_hour=14, tm_min=38, tm_sec=38, tm_wday=5, tm_yday=6, tm_isdst=0)",b'1082\r\n',b'000002\r\n'
"time.struct_time(tm_year=2018, tm_mon=1, tm_mday=6, tm_hour=14, tm_min=38, tm_sec=38, tm_wday=5, tm_yday=6, tm_isdst=0)",b'1083\r\n',b'000002\r\n'
"time.struct_time(tm_year=2018, tm_mon=1, tm_mday=6, tm_hour=14, tm_min=38, tm_sec=38, tm_wday=5, tm_yday=6, tm_isdst=0)",b'1084\r\n',b'000002\r\n'
"time.struct_time(tm_year=2018, tm_mon=1, tm_mday=6, tm_hour=14, tm_min=38, tm_sec=38, tm_wday=5, tm_yday=6, tm_isdst=0)",b'1085\r\n',b'000002\r\n'
"time.struct_time(tm_year=2018, tm_mon=1, tm_mday=6, tm_hour=14, tm_min=38, tm_sec=38, tm_wday=5, tm_yday=6, tm_isdst=0)",b'1086\r\n',b'000002\r\n'
"time.struct_time(tm_year=2018, tm_mon=1, tm_mday=6, tm_hour=14, tm_min=38, tm_sec=38, tm_wday=5, tm_yday=6, tm_isdst=0)",b'1087\r\n',b'000002\r\n'
"time.struct_time(tm_year=2018, tm_mon=1, tm_mday=6, tm_hour=14, tm_min=38, tm_sec=38, tm_wday=5, tm_yday=6, tm_isdst=0)",b'1088\r\n',b'000002\r\n'
"time.struct_time(tm_year=2018, tm_mon=1, tm_mday=6, tm_hour=14, tm_min=38, tm_sec=38, tm_wday=5, tm_yday=6, tm_isdst=0)",b'1089\r\n',b'000002\r\n'
"time.struct_time(tm_year=2018, tm_mon=1, tm_mday=6, tm_hour=14, tm_min=38, tm_sec=38, tm_wday=5, tm_yday=6, tm_isdst=0)",b'1090\r\n',b'000002\r\n'
"time.struct_time(tm_year=2018, tm_mon=1, tm_mday=6, tm_hour=14, tm_min=38, tm_sec=38, tm_wday=5, tm_yday=6, tm_isdst=0)",b'1091\r\n',b'000002\r\n'
"time.struct_time(tm_year=2018, tm_mon=1, tm_mday=6, tm_hour=14, tm_min=38, tm_sec=38, tm_wday=5, tm_yday=6, tm_isdst=0)",b'1092\r\n',b'000002\r\n'
"time.struct_time(tm_year=2018, tm_mon=1, tm_mday=6, tm_hour=14, tm_min=38, tm_sec=38, tm_wday=5, tm_yday=6, tm_isdst=0)",b'1093\r\n',b'000002\r\n'
"time.struct_time(tm_year=2018, tm_mon=1, tm_mday=6, tm_hour=14, tm_min=38, tm_sec=39, tm_wday=5, tm_yday=6, tm_isdst=0)",b'1094\r\n',b'000002\r\n'
"time.struct_time(tm_year=2018, tm_mon=1, tm_mday=6, tm_hour=14, tm_min=38, tm_sec=39, tm_wday=5, tm_yday=6, tm_isdst=0)",b'1095\r\n',b'000002\r\n'
"time.struct_time(tm_year=2018, tm_mon=1, tm_mday=6, tm_hour=14, tm_min=38, tm_sec=39, tm_wday=5, tm_yday=6, tm_isdst=0)",b'1096\r\n',b'000002\r\n'
"time.struct_time(tm_year=2018, tm_mon=1, tm_mday=6, tm_hour=14, tm_min=38, tm_sec=39, tm_wday=5, tm_yday=6, tm_isdst=0)",b'1097\r\n',b'000002\r\n'
"time.struct_time(tm_year=2018, tm_mon=1, tm_mday=6, tm_hour=14, tm_min=38, tm_sec=39, tm_wday=5, tm_yday=6, tm_isdst=0)",b'1098\r\n',b'000002\r\n'
"time.struct_time(tm_year=2018, tm_mon=1, tm_mday=6, tm_hour=14, tm_min=38, tm_sec=39, tm_wday=5, tm_yday=6, tm_isdst=0)",b'1099\r\n',b'000002\r\n'
"time.struct_time(tm_year=2018, tm_mon=1, tm_mday=6, tm_hour=14, tm_min=38, tm_sec=39, tm_wday=5, tm_yday=6, tm_isdst=0)",b'1100\r\n',b'000002\r\n'
"time.struct_time(tm_year=2018, tm_mon=1, tm_mday=6, tm_hour=14, tm_min=38, tm_sec=39, tm_wday=5, tm_yday=6, tm_isdst=0)",b'1101\r\n',b'000002\r\n'
"time.struct_time(tm_year=2018, tm_mon=1, tm_mday=6, tm_hour=14, tm_min=38, tm_sec=39, tm_wday=5, tm_yday=6, tm_isdst=0)",b'1102\r\n',b'000002\r\n'
"time.struct_time(tm_year=2018, tm_mon=1, tm_mday=6, tm_hour=14, tm_min=38, tm_sec=39, tm_wday=5, tm_yday=6, tm_isdst=0)",b'1103\r\n',b'000002\r\n'
"time.struct_time(tm_year=2018, tm_mon=1, tm_mday=6, tm_hour=14, tm_min=38, tm_sec=39, tm_wday=5, tm_yday=6, tm_isdst=0)",b'1104\r\n',b'000002\r\n'
"time.struct_time(tm_year=2018, tm_mon=1, tm_mday=6, tm_hour=14, tm_min=38, tm_sec=39, tm_wday=5, tm_yday=6, tm_isdst=0)",b'1105\r\n',b'000002\r\n'
"time.struct_time(tm_year=2018, tm_mon=1, tm_mday=6, tm_hour=14, tm_min=38, tm_sec=39, tm_wday=5, tm_yday=6, tm_isdst=0)",b'1106\r\n',b'000002\r\n'
"time.struct_time(tm_year=2018, tm_mon=1, tm_mday=6, tm_hour=14, tm_min=38, tm_sec=40, tm_wday=5, tm_yday=6, tm_isdst=0)",b'1107\r\n',b'000002\r\n'
"time.struct_time(tm_year=2018, tm_mon=1, tm_mday=6, tm_hour=14, tm_min=38, tm_sec=40, tm_wday=5, tm_yday=6, tm_isdst=0)",b'1108\r\n',b'000002\r\n'
"time.struct_time(tm_year=2018, tm_mon=1, tm_mday=6, tm_hour=14, tm_min=38, tm_sec=40, tm_wday=5, tm_yday=6, tm_isdst=0)",b'1109\r\n',b'000002\r\n'
"time.struct_time(tm_year=2018, tm_mon=1, tm_mday=6, tm_hour=14, tm_min=38, tm_sec=40, tm_wday=5, tm_yday=6, tm_isdst=0)",b'1110\r\n',b'000002\r\n'
"time.struct_time(tm_year=2018, tm_mon=1, tm_mday=6, tm_hour=14, tm_min=38, tm_sec=40, tm_wday=5, tm_yday=6, tm_isdst=0)",b'1111\r\n',b'000002\r\n'
"time.struct_time(tm_year=2018, tm_mon=1, tm_mday=6, tm_hour=14, tm_min=38, tm_sec=40, tm_wday=5, tm_yday=6, tm_isdst=0)",b'1112\r\n',b'000002\r\n'
"time.struct_time(tm_year=2018, tm_mon=1, tm_mday=6, tm_hour=14, tm_min=38, tm_sec=40, tm_wday=5, tm_yday=6, tm_isdst=0)",b'1113\r\n',b'000002\r\n'
"time.struct_time(tm_year=2018, tm_mon=1, tm_mday=6, tm_hour=14, tm_min=38, tm_sec=40, tm_wday=5, tm_yday=6, tm_isdst=0)",b'1114\r\n',b'000002\r\n'
"time.struct_time(tm_year=2018, tm_mon=1, tm_mday=6, tm_hour=14, tm_min=38, tm_sec=40, tm_wday=5, tm_yday=6, tm_isdst=0)",b'1115\r\n',b'000002\r\n'
"time.struct_time(tm_year=2018, tm_mon=1, tm_mday=6, tm_hour=14, tm_min=38, tm_sec=40, tm_wday=5, tm_yday=6, tm_isdst=0)",b'1116\r\n',b'000002\r\n'
"time.struct_time(tm_year=2018, tm_mon=1, tm_mday=6, tm_hour=14, tm_min=38, tm_sec=40, tm_wday=5, tm_yday=6, tm_isdst=0)",b'1117\r\n',b'000003\r\n'
"time.struct_time(tm_year=2018, tm_mon=1, tm_mday=6, tm_hour=14, tm_min=38, tm_sec=40, tm_wday=5, tm_yday=6, tm_isdst=0)",b'1118\r\n',b'000003\r\n'
"time.struct_time(tm_year=2018, tm_mon=1, tm_mday=6, tm_hour=14, tm_min=38, tm_sec=41, tm_wday=5, tm_yday=6, tm_isdst=0)",b'1119\r\n',b'000003\r\n'
"time.struct_time(tm_year=2018, tm_mon=1, tm_mday=6, tm_hour=14, tm_min=38, tm_sec=41, tm_wday=5, tm_yday=6, tm_isdst=0)",b'1120\r\n',b'000003\r\n'
"time.struct_time(tm_year=2018, tm_mon=1, tm_mday=6, tm_hour=14, tm_min=38, tm_sec=41, tm_wday=5, tm_yday=6, tm_isdst=0)",b'1121\r\n',b'000003\r\n'
"time.struct_time(tm_year=2018, tm_mon=1, tm_mday=6, tm_hour=14, tm_min=38, tm_sec=41, tm_wday=5, tm_yday=6, tm_isdst=0)",b'1122\r\n',b'000003\r\n'
"time.struct_time(tm_year=2018, tm_mon=1, tm_mday=6, tm_hour=14, tm_min=38, tm_sec=41, tm_wday=5, tm_yday=6, tm_isdst=0)",b'1123\r\n',b'000003\r\n'
"time.struct_time(tm_year=2018, tm_mon=1, tm_mday=6, tm_hour=14, tm_min=38, tm_sec=41, tm_wday=5, tm_yday=6, tm_isdst=0)",b'1124\r\n',b'000003\r\n'
"time.struct_time(tm_year=2018, tm_mon=1, tm_mday=6, tm_hour=14, tm_min=38, tm_sec=41, tm_wday=5, tm_yday=6, tm_isdst=0)",b'1125\r\n',b'000003\r\n'
"time.struct_time(tm_year=2018, tm_mon=1, tm_mday=6, tm_hour=14, tm_min=38, tm_sec=41, tm_wday=5, tm_yday=6, tm_isdst=0)",b'1126\r\n',b'000003\r\n'
"time.struct_time(tm_year=2018, tm_mon=1, tm_mday=6, tm_hour=14, tm_min=38, tm_sec=41, tm_wday=5, tm_yday=6, tm_isdst=0)",b'1127\r\n',b'000003\r\n'
"time.struct_time(tm_year=2018, tm_mon=1, tm_mday=6, tm_hour=14, tm_min=38, tm_sec=41, tm_wday=5, tm_yday=6, tm_isdst=0)",b'1128\r\n',b'000003\r\n'
"time.struct_time(tm_year=2018, tm_mon=1, tm_mday=6, tm_hour=14, tm_min=38, tm_sec=41, tm_wday=5, tm_yday=6, tm_isdst=0)",b'1129\r\n',b'000003\r\n'
"time.struct_time(tm_year=2018, tm_mon=1, tm_mday=6, tm_hour=14, tm_min=38, tm_sec=41, tm_wday=5, tm_yday=6, tm_isdst=0)",b'1130\r\n',b'000003\r\n'
"time.struct_time(tm_year=2018, tm_mon=1, tm_mday=6, tm_hour=14, tm_min=38, tm_sec=41, tm_wday=5, tm_yday=6, tm_isdst=0)",b'1131\r\n',b'000003\r\n'
"time.struct_time(tm_year=2018, tm_mon=1, tm_mday=6, tm_hour=14, tm_min=38, tm_sec=42, tm_wday=5, tm_yday=6, tm_isdst=0)",b'1132\r\n',b'000003\r\n'
"time.struct_time(tm_year=2018, tm_mon=1, tm_mday=6, tm_hour=14, tm_min=38, tm_sec=42, tm_wday=5, tm_yday=6, tm_isdst=0)",b'1133\r\n',b'000003\r\n'
"time.struct_time(tm_year=2018, tm_mon=1, tm_mday=6, tm_hour=14, tm_min=38, tm_sec=42, tm_wday=5, tm_yday=6, tm_isdst=0)",b'1134\r\n',b'000003\r\n'
"time.struct_time(tm_year=2018, tm_mon=1, tm_mday=6, tm_hour=14, tm_min=38, tm_sec=42, tm_wday=5, tm_yday=6, tm_isdst=0)",b'1135\r\n',b'000003\r\n'
"time.struct_time(tm_year=2018, tm_mon=1, tm_mday=6, tm_hour=14, tm_min=38, tm_sec=42, tm_wday=5, tm_yday=6, tm_isdst=0)",b'1136\r\n',b'000003\r\n'
"time.struct_time(tm_year=2018, tm_mon=1, tm_mday=6, tm_hour=14, tm_min=38, tm_sec=42, tm_wday=5, tm_yday=6, tm_isdst=0)",b'1137\r\n',b'000003\r\n'
"time.struct_time(tm_year=2018, tm_mon=1, tm_mday=6, tm_hour=14, tm_min=38, tm_sec=42, tm_wday=5, tm_yday=6, tm_isdst=0)",b'1138\r\n',b'000003\r\n'
"time.struct_time(tm_year=2018, tm_mon=1, tm_mday=6, tm_hour=14, tm_min=38, tm_sec=42, tm_wday=5, tm_yday=6, tm_isdst=0)",b'1139\r\n',b'000003\r\n'
"time.struct_time(tm_year=2018, tm_mon=1, tm_mday=6, tm_hour=14, tm_min=38, tm_sec=42, tm_wday=5, tm_yday=6, tm_isdst=0)",b'1140\r\n',b'000003\r\n'
"time.struct_time(tm_year=2018, tm_mon=1, tm_mday=6, tm_hour=14, tm_min=38, tm_sec=42, tm_wday=5, tm_yday=6, tm_isdst=0)",b'1141\r\n',b'000003\r\n'
"time.struct_time(tm_year=2018, tm_mon=1, tm_mday=6, tm_hour=14, tm_min=38, tm_sec=42, tm_wday=5, tm_yday=6, tm_isdst=0)",b'1142\r\n',b'000003\r\n'
"time.struct_time(tm_year=2018, tm_mon=1, tm_mday=6, tm_hour=14, tm_min=38, tm_sec=42, tm_wday=5, tm_yday=6, tm_isdst=0)",b'1143\r\n',b'000003\r\n'
"time.struct_time(tm_year=2018, tm_mon=1, tm_mday=6, tm_hour=14, tm_min=38, tm_sec=42, tm_wday=5, tm_yday=6, tm_isdst=0)",b'1144\r\n',b'000003\r\n'
"time.struct_time(tm_year=2018, tm_mon=1, tm_mday=6, tm_hour=14, tm_min=38, tm_sec=43, tm_wday=5, tm_yday=6, tm_isdst=0)",b'1145\r\n',b'000003\r\n'
"time.struct_time(tm_year=2018, tm_mon=1, tm_mday=6, tm_hour=14, tm_min=38, tm_sec=43, tm_wday=5, tm_yday=6, tm_isdst=0)",b'1146\r\n',b'000003\r\n'
"time.struct_time(tm_year=2018, tm_mon=1, tm_mday=6, tm_hour=14, tm_min=38, tm_sec=43, tm_wday=5, tm_yday=6, tm_isdst=0)",b'1147\r\n',b'000003\r\n'
"time.struct_time(tm_year=2018, tm_mon=1, tm_mday=6, tm_hour=14, tm_min=38, tm_sec=43, tm_wday=5, tm_yday=6, tm_isdst=0)",b'1148\r\n',b'000003\r\n'
"time.struct_time(tm_year=2018, tm_mon=1, tm_mday=6, tm_hour=14, tm_min=38, tm_sec=43, tm_wday=5, tm_yday=6, tm_isdst=0)",b'1149\r\n',b'000003\r\n'
"time.struct_time(tm_year=2018, tm_mon=1, tm_mday=6, tm_hour=14, tm_min=38, tm_sec=43, tm_wday=5, tm_yday=6, tm_isdst=0)",b'1150\r\n',b'000003\r\n'
"time.struct_time(tm_year=2018, tm_mon=1, tm_mday=6, tm_hour=14, tm_min=38, tm_sec=43, tm_wday=5, tm_yday=6, tm_isdst=0)",b'1151\r\n',b'000003\r\n'
"time.struct_time(tm_year=2018, tm_mon=1, tm_mday=6, tm_hour=14, tm_min=38, tm_sec=43, tm_wday=5, tm_yday=6, tm_isdst=0)",b'1152\r\n',b'000003\r\n'
"time.struct_time(tm_year=2018, tm_mon=1, tm_mday=6, tm_hour=14, tm_min=38, tm_sec=43, tm_wday=5, tm_yday=6, tm_isdst=0)",b'1153\r\n',b'000003\r\n'
"time.struct_time(tm_year=2018, tm_mon=1, tm_mday=6, tm_hour=14, tm_min=38, tm_sec=43, tm_wday=5, tm_yday=6, tm_isdst=0)",b'1154\r\n',b'000003\r\n'
"time.struct_time(tm_year=2018, tm_mon=1, tm_mday=6, tm_hour=14, tm_min=38, tm_sec=43, tm_wday=5, tm_yday=6, tm_isdst=0)",b'1155\r\n',b'000003\r\n'
"time.struct_time(tm_year=2018, tm_mon=1, tm_mday=6, tm_hour=14, tm_min=38, tm_sec=43, tm_wday=5, tm_yday=6, tm_isdst=0)",b'1156\r\n',b'000003\r\n'
"time.struct_time(tm_year=2018, tm_mon=1, tm_mday=6, tm_hour=14, tm_min=38, tm_sec=43, tm_wday=5, tm_yday=6, tm_isdst=0)",b'1157\r\n',b'000003\r\n'
"time.struct_time(tm_year=2018, tm_mon=1, tm_mday=6, tm_hour=14, tm_min=38, tm_sec=44, tm_wday=5, tm_yday=6, tm_isdst=0)",b'1158\r\n',b'000003\r\n'
"time.struct_time(tm_year=2018, tm_mon=1, tm_mday=6, tm_hour=14, tm_min=38, tm_sec=44, tm_wday=5, tm_yday=6, tm_isdst=0)",b'1159\r\n',b'000003\r\n'
"time.struct_time(tm_year=2018, tm_mon=1, tm_mday=6, tm_hour=14, tm_min=38, tm_sec=44, tm_wday=5, tm_yday=6, tm_isdst=0)",b'1160\r\n',b'000003\r\n'
"time.struct_time(tm_year=2018, tm_mon=1, tm_mday=6, tm_hour=14, tm_min=38, tm_sec=44, tm_wday=5, tm_yday=6, tm_isdst=0)",b'1161\r\n',b'000003\r\n'
"time.struct_time(tm_year=2018, tm_mon=1, tm_mday=6, tm_hour=14, tm_min=38, tm_sec=44, tm_wday=5, tm_yday=6, tm_isdst=0)",b'1162\r\n',b'000003\r\n'
"time.struct_time(tm_year=2018, tm_mon=1, tm_mday=6, tm_hour=14, tm_min=38, tm_sec=44, tm_wday=5, tm_yday=6, tm_isdst=0)",b'1163\r\n',b'000003\r\n'
"time.struct_time(tm_year=2018, tm_mon=1, tm_mday=6, tm_hour=14, tm_min=38, tm_sec=44, tm_wday=5, tm_yday=6, tm_isdst=0)",b'1164\r\n',b'000003\r\n'
"time.struct_time(tm_year=2018, tm_mon=1, tm_mday=6, tm_hour=14, tm_min=38, tm_sec=44, tm_wday=5, tm_yday=6, tm_isdst=0)",b'1165\r\n',b'000003\r\n'
"time.struct_time(tm_year=2018, tm_mon=1, tm_mday=6, tm_hour=14, tm_min=38, tm_sec=44, tm_wday=5, tm_yday=6, tm_isdst=0)",b'1166\r\n',b'000003\r\n'
"time.struct_time(tm_year=2018, tm_mon=1, tm_mday=6, tm_hour=14, tm_min=38, tm_sec=44, tm_wday=5, tm_yday=6, tm_isdst=0)",b'1167\r\n',b'000003\r\n'
"time.struct_time(tm_year=2018, tm_mon=1, tm_mday=6, tm_hour=14, tm_min=38, tm_sec=44, tm_wday=5, tm_yday=6, tm_isdst=0)",b'1168\r\n',b'000003\r\n'
"time.struct_time(tm_year=2018, tm_mon=1, tm_mday=6, tm_hour=14, tm_min=38, tm_sec=44, tm_wday=5, tm_yday=6, tm_isdst=0)",b'1169\r\n',b'000003\r\n'
"time.struct_time(tm_year=2018, tm_mon=1, tm_mday=6, tm_hour=14, tm_min=38, tm_sec=44, tm_wday=5, tm_yday=6, tm_isdst=0)",b'1170\r\n',b'000004\r\n'
"time.struct_time(tm_year=2018, tm_mon=1, tm_mday=6, tm_hour=14, tm_min=38, tm_sec=45, tm_wday=5, tm_yday=6, tm_isdst=0)",b'1171\r\n',b'000004\r\n'
"time.struct_time(tm_year=2018, tm_mon=1, tm_mday=6, tm_hour=14, tm_min=38, tm_sec=45, tm_wday=5, tm_yday=6, tm_isdst=0)",b'1172\r\n',b'000004\r\n'
"time.struct_time(tm_year=2018, tm_mon=1, tm_mday=6, tm_hour=14, tm_min=38, tm_sec=45, tm_wday=5, tm_yday=6, tm_isdst=0)",b'1173\r\n',b'000004\r\n'
"time.struct_time(tm_year=2018, tm_mon=1, tm_mday=6, tm_hour=14, tm_min=38, tm_sec=45, tm_wday=5, tm_yday=6, tm_isdst=0)",b'1174\r\n',b'000004\r\n'
"time.struct_time(tm_year=2018, tm_mon=1, tm_mday=6, tm_hour=14, tm_min=38, tm_sec=45, tm_wday=5, tm_yday=6, tm_isdst=0)",b'1175\r\n',b'000004\r\n'
"time.struct_time(tm_year=2018, tm_mon=1, tm_mday=6, tm_hour=14, tm_min=38, tm_sec=45, tm_wday=5, tm_yday=6, tm_isdst=0)",b'1176\r\n',b'000004\r\n'
"time.struct_time(tm_year=2018, tm_mon=1, tm_mday=6, tm_hour=14, tm_min=38, tm_sec=45, tm_wday=5, tm_yday=6, tm_isdst=0)",b'1177\r\n',b'000004\r\n'
"time.struct_time(tm_year=2018, tm_mon=1, tm_mday=6, tm_hour=14, tm_min=38, tm_sec=45, tm_wday=5, tm_yday=6, tm_isdst=0)",b'1178\r\n',b'000004\r\n'
"time.struct_time(tm_year=2018, tm_mon=1, tm_mday=6, tm_hour=14, tm_min=38, tm_sec=45, tm_wday=5, tm_yday=6, tm_isdst=0)",b'1179\r\n',b'000004\r\n'
"time.struct_time(tm_year=2018, tm_mon=1, tm_mday=6, tm_hour=14, tm_min=38, tm_sec=45, tm_wday=5, tm_yday=6, tm_isdst=0)",b'1180\r\n',b'000004\r\n'
"time.struct_time(tm_year=2018, tm_mon=1, tm_mday=6, tm_hour=14, tm_min=38, tm_sec=45, tm_wday=5, tm_yday=6, tm_isdst=0)",b'1181\r\n',b'000004\r\n'
"time.struct_time(tm_year=2018, tm_mon=1, tm_mday=6, tm_hour=14, tm_min=38, tm_sec=45, tm_wday=5, tm_yday=6, tm_isdst=0)",b'1182\r\n',b'L000004\r\n'
"time.struct_time(tm_year=2018, tm_mon=1, tm_mday=6, tm_hour=14, tm_min=38, tm_sec=45, tm_wday=5, tm_yday=6, tm_isdst=0)",b'1183\r\n',b'L000004\r\n'
"time.struct_time(tm_year=2018, tm_mon=1, tm_mday=6, tm_hour=14, tm_min=38, tm_sec=46, tm_wday=5, tm_yday=6, tm_isdst=0)",b'1184\r\n',b'L000004\r\n'
"time.struct_time(tm_year=2018, tm_mon=1, tm_mday=6, tm_hour=14, tm_min=38, tm_sec=46, tm_wday=5, tm_yday=6, tm_isdst=0)",b'1185\r\n',b'L000004\r\n'
"time.struct_time(tm_year=2018, tm_mon=1, tm_mday=6, tm_hour=14, tm_min=38, tm_sec=46, tm_wday=5, tm_yday=6, tm_isdst=0)",b'1186\r\n',b'L000004\r\n'
"time.struct_time(tm_year=2018, tm_mon=1, tm_mday=6, tm_hour=14, tm_min=38, tm_sec=46, tm_wday=5, tm_yday=6, tm_isdst=0)",b'1187\r\n',b'L000004\r\n'
"time.struct_time(tm_year=2018, tm_mon=1, tm_mday=6, tm_hour=14, tm_min=38, tm_sec=46, tm_wday=5, tm_yday=6, tm_isdst=0)",b'1188\r\n',b'L000004\r\n'
"time.struct_time(tm_year=2018, tm_mon=1, tm_mday=6, tm_hour=14, tm_min=38, tm_sec=46, tm_wday=5, tm_yday=6, tm_isdst=0)",b'1189\r\n',b'L000004\r\n'
"time.struct_time(tm_year=2018, tm_mon=1, tm_mday=6, tm_hour=14, tm_min=38, tm_sec=46, tm_wday=5, tm_yday=6, tm_isdst=0)",b'1190\r\n',b'L000004\r\n'
"time.struct_time(tm_year=2018, tm_mon=1, tm_mday=6, tm_hour=14, tm_min=38, tm_sec=46, tm_wday=5, tm_yday=6, tm_isdst=0)",b'1191\r\n',b'L000004\r\n'
"time.struct_time(tm_year=2018, tm_mon=1, tm_mday=6, tm_hour=14, tm_min=38, tm_sec=46, tm_wday=5, tm_yday=6, tm_isdst=0)",b'1192\r\n',b'L000004\r\n'
"time.struct_time(tm_year=2018, tm_mon=1, tm_mday=6, tm_hour=14, tm_min=38, tm_sec=46, tm_wday=5, tm_yday=6, tm_isdst=0)",b'1193\r\n',b'L000004\r\n'
"time.struct_time(tm_year=2018, tm_mon=1, tm_mday=6, tm_hour=14, tm_min=38, tm_sec=46, tm_wday=5, tm_yday=6, tm_isdst=0)",b'1194\r\n',b'L000004\r\n'
"time.struct_time(tm_year=2018, tm_mon=1, tm_mday=6, tm_hour=14, tm_min=38, tm_sec=46, tm_wday=5, tm_yday=6, tm_isdst=0)",b'1195\r\n',b'L000004\r\n'
"time.struct_time(tm_year=2018, tm_mon=1, tm_mday=6, tm_hour=14, tm_min=38, tm_sec=46, tm_wday=5, tm_yday=6, tm_isdst=0)",b'1196\r\n',b'L000004\r\n'
"time.struct_time(tm_year=2018, tm_mon=1, tm_mday=6, tm_hour=14, tm_min=38, tm_sec=47, tm_wday=5, tm_yday=6, tm_isdst=0)",b'1197\r\n',b'L000004\r\n'
"time.struct_time(tm_year=2018, tm_mon=1, tm_mday=6, tm_hour=14, tm_min=38, tm_sec=47, tm_wday=5, tm_yday=6, tm_isdst=0)",b'1198\r\n',b'L000004\r\n'
"time.struct_time(tm_year=2018, tm_mon=1, tm_mday=6, tm_hour=14, tm_min=38, tm_sec=47, tm_wday=5, tm_yday=6, tm_isdst=0)",b'1199\r\n',b'L000004\r\n'
"time.struct_time(tm_year=2018, tm_mon=1, tm_mday=6, tm_hour=14, tm_min=38, tm_sec=47, tm_wday=5, tm_yday=6, tm_isdst=0)",b'1200\r\n',b'L000004\r\n'
"time.struct_time(tm_year=2018, tm_mon=1, tm_mday=6, tm_hour=14, tm_min=38, tm_sec=47, tm_wday=5, tm_yday=6, tm_isdst=0)",b'1201\r\n',b'L000004\r\n'
"time.struct_time(tm_year=2018, tm_mon=1, tm_mday=6, tm_hour=14, tm_min=38, tm_sec=47, tm_wday=5, tm_yday=6, tm_isdst=0)",b'1202\r\n',b'L000004\r\n'
"time.struct_time(tm_year=2018, tm_mon=1, tm_mday=6, tm_hour=14, tm_min=38, tm_sec=47, tm_wday=5, tm_yday=6, tm_isdst=0)",b'1203\r\n',b'L000004\r\n'
"time.struct_time(tm_year=2018, tm_mon=1, tm_mday=6, tm_hour=14, tm_min=38, tm_sec=47, tm_wday=5, tm_yday=6, tm_isdst=0)",b'1204\r\n',b'L000004\r\n'
"time.struct_time(tm_year=2018, tm_mon=1, tm_mday=6, tm_hour=14, tm_min=38, tm_sec=47, tm_wday=5, tm_yday=6, tm_isdst=0)",b'1205\r\n',b'L000004\r\n'
"time.struct_time(tm_year=2018, tm_mon=1, tm_mday=6, tm_hour=14, tm_min=38, tm_sec=47, tm_wday=5, tm_yday=6, tm_isdst=0)",b'1206\r\n',b'L000004\r\n'
"time.struct_time(tm_year=2018, tm_mon=1, tm_mday=6, tm_hour=14, tm_min=38, tm_sec=47, tm_wday=5, tm_yday=6, tm_isdst=0)",b'1207\r\n',b'L000004\r\n'
"time.struct_time(tm_year=2018, tm_mon=1, tm_mday=6, tm_hour=14, tm_min=38, tm_sec=47, tm_wday=5, tm_yday=6, tm_isdst=0)",b'1208\r\n',b'L000004\r\n'
"time.struct_time(tm_year=2018, tm_mon=1, tm_mday=6, tm_hour=14, tm_min=38, tm_sec=48, tm_wday=5, tm_yday=6, tm_isdst=0)",b'1209\r\n',b'L000004\r\n'
"time.struct_time(tm_year=2018, tm_mon=1, tm_mday=6, tm_hour=14, tm_min=38, tm_sec=48, tm_wday=5, tm_yday=6, tm_isdst=0)",b'1210\r\n',b'L000004\r\n'
"time.struct_time(tm_year=2018, tm_mon=1, tm_mday=6, tm_hour=14, tm_min=38, tm_sec=48, tm_wday=5, tm_yday=6, tm_isdst=0)",b'1211\r\n',b'L000004\r\n'
"time.struct_time(tm_year=2018, tm_mon=1, tm_mday=6, tm_hour=14, tm_min=38, tm_sec=48, tm_wday=5, tm_yday=6, tm_isdst=0)",b'1212\r\n',b'L000004\r\n'
"time.struct_time(tm_year=2018, tm_mon=1, tm_mday=6, tm_hour=14, tm_min=38, tm_sec=48, tm_wday=5, tm_yday=6, tm_isdst=0)",b'1213\r\n',b'L000004\r\n'
"time.struct_time(tm_year=2018, tm_mon=1, tm_mday=6, tm_hour=14, tm_min=38, tm_sec=48, tm_wday=5, tm_yday=6, tm_isdst=0)",b'1214\r\n',b'L000004\r\n'
"time.struct_time(tm_year=2018, tm_mon=1, tm_mday=6, tm_hour=14, tm_min=38, tm_sec=48, tm_wday=5, tm_yday=6, tm_isdst=0)",b'1215\r\n',b'L000004\r\n'
"time.struct_time(tm_year=2018, tm_mon=1, tm_mday=6, tm_hour=14, tm_min=38, tm_sec=48, tm_wday=5, tm_yday=6, tm_isdst=0)",b'1216\r\n',b'L000004\r\n'
"time.struct_time(tm_year=2018, tm_mon=1, tm_mday=6, tm_hour=14, tm_min=38, tm_sec=48, tm_wday=5, tm_yday=6, tm_isdst=0)",b'1217\r\n',b'L000004\r\n'
"time.struct_time(tm_year=2018, tm_mon=1, tm_mday=6, tm_hour=14, tm_min=38, tm_sec=48, tm_wday=5, tm_yday=6, tm_isdst=0)",b'1218\r\n',b'L000004\r\n'
"time.struct_time(tm_year=2018, tm_mon=1, tm_mday=6, tm_hour=14, tm_min=38, tm_sec=48, tm_wday=5, tm_yday=6, tm_isdst=0)",b'1219\r\n',b'L000004\r\n'
"time.struct_time(tm_year=2018, tm_mon=1, tm_mday=6, tm_hour=14, tm_min=38, tm_sec=48, tm_wday=5, tm_yday=6, tm_isdst=0)",b'1220\r\n',b'L000004\r\n'
"time.struct_time(tm_year=2018, tm_mon=1, tm_mday=6, tm_hour=14, tm_min=38, tm_sec=48, tm_wday=5, tm_yday=6, tm_isdst=0)",b'1221\r\n',b'L000004\r\n'
"time.struct_time(tm_year=2018, tm_mon=1, tm_mday=6, tm_hour=14, tm_min=38, tm_sec=49, tm_wday=5, tm_yday=6, tm_isdst=0)",b'1222\r\n',b'L000004\r\n'
"time.struct_time(tm_year=2018, tm_mon=1, tm_mday=6, tm_hour=14, tm_min=38, tm_sec=49, tm_wday=5, tm_yday=6, tm_isdst=0)",b'1223\r\n',b'L000004\r\n'
"time.struct_time(tm_year=2018, tm_mon=1, tm_mday=6, tm_hour=14, tm_min=38, tm_sec=49, tm_wday=5, tm_yday=6, tm_isdst=0)",b'1224\r\n',b'L000004\r\n'
"time.struct_time(tm_year=2018, tm_mon=1, tm_mday=6, tm_hour=14, tm_min=38, tm_sec=49, tm_wday=5, tm_yday=6, tm_isdst=0)",b'1225\r\n',b'L000004\r\n'
"time.struct_time(tm_year=2018, tm_mon=1, tm_mday=6, tm_hour=14, tm_min=38, tm_sec=49, tm_wday=5, tm_yday=6, tm_isdst=0)",b'1226\r\n',b'L000004\r\n'
"time.struct_time(tm_year=2018, tm_mon=1, tm_mday=6, tm_hour=14, tm_min=38, tm_sec=49, tm_wday=5, tm_yday=6, tm_isdst=0)",b'1227\r\n',b'L000004\r\n'
"time.struct_time(tm_year=2018, tm_mon=1, tm_mday=6, tm_hour=14, tm_min=38, tm_sec=49, tm_wday=5, tm_yday=6, tm_isdst=0)",b'1228\r\n',b'L000004\r\n'
"time.struct_time(tm_year=2018, tm_mon=1, tm_mday=6, tm_hour=14, tm_min=38, tm_sec=49, tm_wday=5, tm_yday=6, tm_isdst=0)",b'1229\r\n',b'L000004\r\n'
"time.struct_time(tm_year=2018, tm_mon=1, tm_mday=6, tm_hour=14, tm_min=38, tm_sec=49, tm_wday=5, tm_yday=6, tm_isdst=0)",b'1230\r\n',b'L000005\r\n'
"time.struct_time(tm_year=2018, tm_mon=1, tm_mday=6, tm_hour=14, tm_min=38, tm_sec=49, tm_wday=5, tm_yday=6, tm_isdst=0)",b'1231\r\n',b'L000005\r\n'
"time.struct_time(tm_year=2018, tm_mon=1, tm_mday=6, tm_hour=14, tm_min=38, tm_sec=49, tm_wday=5, tm_yday=6, tm_isdst=0)",b'1232\r\n',b'L000005\r\n'
"time.struct_time(tm_year=2018, tm_mon=1, tm_mday=6, tm_hour=14, tm_min=38, tm_sec=49, tm_wday=5, tm_yday=6, tm_isdst=0)",b'1233\r\n',b'L000005\r\n'
"time.struct_time(tm_year=2018, tm_mon=1, tm_mday=6, tm_hour=14, tm_min=38, tm_sec=50, tm_wday=5, tm_yday=6, tm_isdst=0)",b'1234\r\n',b'L000005\r\n'
"time.struct_time(tm_year=2018, tm_mon=1, tm_mday=6, tm_hour=14, tm_min=38, tm_sec=50, tm_wday=5, tm_yday=6, tm_isdst=0)",b'1235\r\n',b'L000005\r\n'
"time.struct_time(tm_year=2018, tm_mon=1, tm_mday=6, tm_hour=14, tm_min=38, tm_sec=50, tm_wday=5, tm_yday=6, tm_isdst=0)",b'1236\r\n',b'L000005\r\n'
"time.struct_time(tm_year=2018, tm_mon=1, tm_mday=6, tm_hour=14, tm_min=38, tm_sec=50, tm_wday=5, tm_yday=6, tm_isdst=0)",b'1237\r\n',b'L000005\r\n'
"time.struct_time(tm_year=2018, tm_mon=1, tm_mday=6, tm_hour=14, tm_min=38, tm_sec=50, tm_wday=5, tm_yday=6, tm_isdst=0)",b'1238\r\n',b'L000005\r\n'
"time.struct_time(tm_year=2018, tm_mon=1, tm_mday=6, tm_hour=14, tm_min=38, tm_sec=50, tm_wday=5, tm_yday=6, tm_isdst=0)",b'1239\r\n',b'L000005\r\n'
"time.struct_time(tm_year=2018, tm_mon=1, tm_mday=6, tm_hour=14, tm_min=38, tm_sec=50, tm_wday=5, tm_yday=6, tm_isdst=0)",b'1240\r\n',b'L000005\r\n'
"time.struct_time(tm_year=2018, tm_mon=1, tm_mday=6, tm_hour=14, tm_min=38, tm_sec=50, tm_wday=5, tm_yday=6, tm_isdst=0)",b'1241\r\n',b'L000005\r\n'
"time.struct_time(tm_year=2018, tm_mon=1, tm_mday=6, tm_hour=14, tm_min=38, tm_sec=50, tm_wday=5, tm_yday=6, tm_isdst=0)",b'1242\r\n',b'L000005\r\n'
"time.struct_time(tm_year=2018, tm_mon=1, tm_mday=6, tm_hour=14, tm_min=38, tm_sec=50, tm_wday=5, tm_yday=6, tm_isdst=0)",b'1243\r\n',b'L000005\r\n'
"time.struct_time(tm_year=2018, tm_mon=1, tm_mday=6, tm_hour=14, tm_min=38, tm_sec=50, tm_wday=5, tm_yday=6, tm_isdst=0)",b'1244\r\n',b'L000005\r\n'
"time.struct_time(tm_year=2018, tm_mon=1, tm_mday=6, tm_hour=14, tm_min=38, tm_sec=50, tm_wday=5, tm_yday=6, tm_isdst=0)",b'1245\r\n',b'L000005\r\n'
"time.struct_time(tm_year=2018, tm_mon=1, tm_mday=6, tm_hour=14, tm_min=38, tm_sec=50, tm_wday=5, tm_yday=6, tm_isdst=0)",b'1246\r\n',b'L000005\r\n'
"time.struct_time(tm_year=2018, tm_mon=1, tm_mday=6, tm_hour=14, tm_min=38, tm_sec=51, tm_wday=5, tm_yday=6, tm_isdst=0)",b'1247\r\n',b'L000005\r\n'
"time.struct_time(tm_year=2018, tm_mon=1, tm_mday=6, tm_hour=14, tm_min=38, tm_sec=51, tm_wday=5, tm_yday=6, tm_isdst=0)",b'1248\r\n',b'L000005\r\n'
"time.struct_time(tm_year=2018, tm_mon=1, tm_mday=6, tm_hour=14, tm_min=38, tm_sec=51, tm_wday=5, tm_yday=6, tm_isdst=0)",b'1249\r\n',b'L000005\r\n'
"time.struct_time(tm_year=2018, tm_mon=1, tm_mday=6, tm_hour=14, tm_min=38, tm_sec=51, tm_wday=5, tm_yday=6, tm_isdst=0)",b'1250\r\n',b'L000005\r\n'
"time.struct_time(tm_year=2018, tm_mon=1, tm_mday=6, tm_hour=14, tm_min=38, tm_sec=51, tm_wday=5, tm_yday=6, tm_isdst=0)",b'1251\r\n',b'L000005\r\n'
"time.struct_time(tm_year=2018, tm_mon=1, tm_mday=6, tm_hour=14, tm_min=38, tm_sec=51, tm_wday=5, tm_yday=6, tm_isdst=0)",b'1252\r\n',b'L000005\r\n'
"time.struct_time(tm_year=2018, tm_mon=1, tm_mday=6, tm_hour=14, tm_min=38, tm_sec=51, tm_wday=5, tm_yday=6, tm_isdst=0)",b'1253\r\n',b'L000005\r\n'
"time.struct_time(tm_year=2018, tm_mon=1, tm_mday=6, tm_hour=14, tm_min=38, tm_sec=51, tm_wday=5, tm_yday=6, tm_isdst=0)",b'1254\r\n',b'L000005\r\n'
"time.struct_time(tm_year=2018, tm_mon=1, tm_mday=6, tm_hour=14, tm_min=38, tm_sec=51, tm_wday=5, tm_yday=6, tm_isdst=0)",b'1255\r\n',b'L000005\r\n'
"time.struct_time(tm_year=2018, tm_mon=1, tm_mday=6, tm_hour=14, tm_min=38, tm_sec=51, tm_wday=5, tm_yday=6, tm_isdst=0)",b'1256\r\n',b'L000005\r\n'
"time.struct_time(tm_year=2018, tm_mon=1, tm_mday=6, tm_hour=14, tm_min=38, tm_sec=51, tm_wday=5, tm_yday=6, tm_isdst=0)",b'1257\r\n',b'L000005\r\n'
"time.struct_time(tm_year=2018, tm_mon=1, tm_mday=6, tm_hour=14, tm_min=38, tm_sec=51, tm_wday=5, tm_yday=6, tm_isdst=0)",b'1258\r\n',b'L000005\r\n'
"time.struct_time(tm_year=2018, tm_mon=1, tm_mday=6, tm_hour=14, tm_min=38, tm_sec=51, tm_wday=5, tm_yday=6, tm_isdst=0)",b'1259\r\n',b'L000005\r\n'
"time.struct_time(tm_year=2018, tm_mon=1, tm_mday=6, tm_hour=14, tm_min=38, tm_sec=52, tm_wday=5, tm_yday=6, tm_isdst=0)",b'1260\r\n',b'L000005\r\n'
"time.struct_time(tm_year=2018, tm_mon=1, tm_mday=6, tm_hour=14, tm_min=38, tm_sec=52, tm_wday=5, tm_yday=6, tm_isdst=0)",b'1261\r\n',b'L000005\r\n'
"time.struct_time(tm_year=2018, tm_mon=1, tm_mday=6, tm_hour=14, tm_min=38, tm_sec=52, tm_wday=5, tm_yday=6, tm_isdst=0)",b'1262\r\n',b'L000005\r\n'
"time.struct_time(tm_year=2018, tm_mon=1, tm_mday=6, tm_hour=14, tm_min=38, tm_sec=52, tm_wday=5, tm_yday=6, tm_isdst=0)",b'1263\r\n',b'L000005\r\n'
"time.struct_time(tm_year=2018, tm_mon=1, tm_mday=6, tm_hour=14, tm_min=38, tm_sec=52, tm_wday=5, tm_yday=6, tm_isdst=0)",b'1264\r\n',b'L000005\r\n'
"time.struct_time(tm_year=2018, tm_mon=1, tm_mday=6, tm_hour=14, tm_min=38, tm_sec=52, tm_wday=5, tm_yday=6, tm_isdst=0)",b'1265\r\n',b'L000005\r\n'
"time.struct_time(tm_year=2018, tm_mon=1, tm_mday=6, tm_hour=14, tm_min=38, tm_sec=52, tm_wday=5, tm_yday=6, tm_isdst=0)",b'1266\r\n',b'L000005\r\n'
"time.struct_time(tm_year=2018, tm_mon=1, tm_mday=6, tm_hour=14, tm_min=38, tm_sec=52, tm_wday=5, tm_yday=6, tm_isdst=0)",b'1267\r\n',b'L000005\r\n'
"time.struct_time(tm_year=2018, tm_mon=1, tm_mday=6, tm_hour=14, tm_min=38, tm_sec=52, tm_wday=5, tm_yday=6, tm_isdst=0)",b'1268\r\n',b'L005005\r\n'
"time.struct_time(tm_year=2018, tm_mon=1, tm_mday=6, tm_hour=14, tm_min=38, tm_sec=52, tm_wday=5, tm_yday=6, tm_isdst=0)",b'1269\r\n',b'L005005\r\n'
"time.struct_time(tm_year=2018, tm_mon=1, tm_mday=6, tm_hour=14, tm_min=38, tm_sec=52, tm_wday=5, tm_yday=6, tm_isdst=0)",b'1270\r\n',b'L005005\r\n'
"time.struct_time(tm_year=2018, tm_mon=1, tm_mday=6, tm_hour=14, tm_min=38, tm_sec=52, tm_wday=5, tm_yday=6, tm_isdst=0)",b'1271\r\n',b'L056005\r\n'
"time.struct_time(tm_year=2018, tm_mon=1, tm_mday=6, tm_hour=14, tm_min=38, tm_sec=52, tm_wday=5, tm_yday=6, tm_isdst=0)",b'1272\r\n',b'L056005\r\n'
"time.struct_time(tm_year=2018, tm_mon=1, tm_mday=6, tm_hour=14, tm_min=38, tm_sec=53, tm_wday=5, tm_yday=6, tm_isdst=0)",b'1273\r\n',b'L560005\r\n'
"time.struct_time(tm_year=2018, tm_mon=1, tm_mday=6, tm_hour=14, tm_min=38, tm_sec=53, tm_wday=5, tm_yday=6, tm_isdst=0)",b'1274\r\n',b'L560005\r\n'
"time.struct_time(tm_year=2018, tm_mon=1, tm_mday=6, tm_hour=14, tm_min=38, tm_sec=53, tm_wday=5, tm_yday=6, tm_isdst=0)",b'1275\r\n',b'L560005\r\n'
"time.struct_time(tm_year=2018, tm_mon=1, tm_mday=6, tm_hour=14, tm_min=38, tm_sec=53, tm_wday=5, tm_yday=6, tm_isdst=0)",b'1276\r\n',b'L560005\r\n'
"time.struct_time(tm_year=2018, tm_mon=1, tm_mday=6, tm_hour=14, tm_min=38, tm_sec=53, tm_wday=5, tm_yday=6, tm_isdst=0)",b'1277\r\n',b'L560005\r\n'
"time.struct_time(tm_year=2018, tm_mon=1, tm_mday=6, tm_hour=14, tm_min=38, tm_sec=53, tm_wday=5, tm_yday=6, tm_isdst=0)",b'1278\r\n',b'L560005\r\n'
"time.struct_time(tm_year=2018, tm_mon=1, tm_mday=6, tm_hour=14, tm_min=38, tm_sec=53, tm_wday=5, tm_yday=6, tm_isdst=0)",b'1279\r\n',b'L560005\r\n'
"time.struct_time(tm_year=2018, tm_mon=1, tm_mday=6, tm_hour=14, tm_min=38, tm_sec=53, tm_wday=5, tm_yday=6, tm_isdst=0)",b'1280\r\n',b'L560005\r\n'
"time.struct_time(tm_year=2018, tm_mon=1, tm_mday=6, tm_hour=14, tm_min=38, tm_sec=53, tm_wday=5, tm_yday=6, tm_isdst=0)",b'1281\r\n',b'L560005\r\n'
"time.struct_time(tm_year=2018, tm_mon=1, tm_mday=6, tm_hour=14, tm_min=38, tm_sec=53, tm_wday=5, tm_yday=6, tm_isdst=0)",b'1282\r\n',b'L560005\r\n'
"time.struct_time(tm_year=2018, tm_mon=1, tm_mday=6, tm_hour=14, tm_min=38, tm_sec=53, tm_wday=5, tm_yday=6, tm_isdst=0)",b'1283\r\n',b'L560005\r\n'
"time.struct_time(tm_year=2018, tm_mon=1, tm_mday=6, tm_hour=14, tm_min=38, tm_sec=53, tm_wday=5, tm_yday=6, tm_isdst=0)",b'1284\r\n',b'L560005\r\n'
"time.struct_time(tm_year=2018, tm_mon=1, tm_mday=6, tm_hour=14, tm_min=38, tm_sec=54, tm_wday=5, tm_yday=6, tm_isdst=0)",b'1285\r\n',b'L560005\r\n'
"time.struct_time(tm_year=2018, tm_mon=1, tm_mday=6, tm_hour=14, tm_min=38, tm_sec=54, tm_wday=5, tm_yday=6, tm_isdst=0)",b'1286\r\n',b'L560005\r\n'
"time.struct_time(tm_year=2018, tm_mon=1, tm_mday=6, tm_hour=14, tm_min=38, tm_sec=54, tm_wday=5, tm_yday=6, tm_isdst=0)",b'1287\r\n',b'L560005\r\n'
"time.struct_time(tm_year=2018, tm_mon=1, tm_mday=6, tm_hour=14, tm_min=38, tm_sec=54, tm_wday=5, tm_yday=6, tm_isdst=0)",b'1288\r\n',b'L560005\r\n'
"time.struct_time(tm_year=2018, tm_mon=1, tm_mday=6, tm_hour=14, tm_min=38, tm_sec=54, tm_wday=5, tm_yday=6, tm_isdst=0)",b'1289\r\n',b'L560005\r\n'
"time.struct_time(tm_year=2018, tm_mon=1, tm_mday=6, tm_hour=14, tm_min=38, tm_sec=54, tm_wday=5, tm_yday=6, tm_isdst=0)",b'1290\r\n',b'L560005\r\n'
"time.struct_time(tm_year=2018, tm_mon=1, tm_mday=6, tm_hour=14, tm_min=38, tm_sec=54, tm_wday=5, tm_yday=6, tm_isdst=0)",b'1291\r\n',b'L560005\r\n'
"time.struct_time(tm_year=2018, tm_mon=1, tm_mday=6, tm_hour=14, tm_min=38, tm_sec=54, tm_wday=5, tm_yday=6, tm_isdst=0)",b'1292\r\n',b'L560005\r\n'
"time.struct_time(tm_year=2018, tm_mon=1, tm_mday=6, tm_hour=14, tm_min=38, tm_sec=54, tm_wday=5, tm_yday=6, tm_isdst=0)",b'1293\r\n',b'L560005\r\n'
"time.struct_time(tm_year=2018, tm_mon=1, tm_mday=6, tm_hour=14, tm_min=38, tm_sec=54, tm_wday=5, tm_yday=6, tm_isdst=0)",b'1294\r\n',b'L560005\r\n'
"time.struct_time(tm_year=2018, tm_mon=1, tm_mday=6, tm_hour=14, tm_min=38, tm_sec=54, tm_wday=5, tm_yday=6, tm_isdst=0)",b'1295\r\n',b'L560005\r\n'
"time.struct_time(tm_year=2018, tm_mon=1, tm_mday=6, tm_hour=14, tm_min=38, tm_sec=54, tm_wday=5, tm_yday=6, tm_isdst=0)",b'1296\r\n',b'L560005\r\n'
"time.struct_time(tm_year=2018, tm_mon=1, tm_mday=6, tm_hour=14, tm_min=38, tm_sec=54, tm_wday=5, tm_yday=6, tm_isdst=0)",b'1297\r\n',b'L560005\r\n'
"time.struct_time(tm_year=2018, tm_mon=1, tm_mday=6, tm_hour=14, tm_min=38, tm_sec=55, tm_wday=5, tm_yday=6, tm_isdst=0)",b'1298\r\n',b'L560005\r\n'
"time.struct_time(tm_year=2018, tm_mon=1, tm_mday=6, tm_hour=14, tm_min=38, tm_sec=55, tm_wday=5, tm_yday=6, tm_isdst=0)",b'1299\r\n',b'L560005\r\n'
"time.struct_time(tm_year=2018, tm_mon=1, tm_mday=6, tm_hour=14, tm_min=38, tm_sec=55, tm_wday=5, tm_yday=6, tm_isdst=0)",b'1300\r\n',b'L560005\r\n'
"time.struct_time(tm_year=2018, tm_mon=1, tm_mday=6, tm_hour=14, tm_min=38, tm_sec=55, tm_wday=5, tm_yday=6, tm_isdst=0)",b'1301\r\n',b'L560005\r\n'
"time.struct_time(tm_year=2018, tm_mon=1, tm_mday=6, tm_hour=14, tm_min=38, tm_sec=55, tm_wday=5, tm_yday=6, tm_isdst=0)",b'1302\r\n',b'L560005\r\n'
"time.struct_time(tm_year=2018, tm_mon=1, tm_mday=6, tm_hour=14, tm_min=38, tm_sec=55, tm_wday=5, tm_yday=6, tm_isdst=0)",b'1303\r\n',b'L560005\r\n'
"time.struct_time(tm_year=2018, tm_mon=1, tm_mday=6, tm_hour=14, tm_min=38, tm_sec=55, tm_wday=5, tm_yday=6, tm_isdst=0)",b'1304\r\n',b'L560004\r\n'
"time.struct_time(tm_year=2018, tm_mon=1, tm_mday=6, tm_hour=14, tm_min=38, tm_sec=55, tm_wday=5, tm_yday=6, tm_isdst=0)",b'1305\r\n',b'L560001\r\n'
"time.struct_time(tm_year=2018, tm_mon=1, tm_mday=6, tm_hour=14, tm_min=38, tm_sec=55, tm_wday=5, tm_yday=6, tm_isdst=0)",b'1306\r\n',b'L560001\r\n'
"time.struct_time(tm_year=2018, tm_mon=1, tm_mday=6, tm_hour=14, tm_min=38, tm_sec=55, tm_wday=5, tm_yday=6, tm_isdst=0)",b'1307\r\n',b'L560001\r\n'
"time.struct_time(tm_year=2018, tm_mon=1, tm_mday=6, tm_hour=14, tm_min=38, tm_sec=55, tm_wday=5, tm_yday=6, tm_isdst=0)",b'1308\r\n',b'L560000\r\n'
"time.struct_time(tm_year=2018, tm_mon=1, tm_mday=6, tm_hour=14, tm_min=38, tm_sec=55, tm_wday=5, tm_yday=6, tm_isdst=0)",b'1309\r\n',b'L560000\r\n'
"time.struct_time(tm_year=2018, tm_mon=1, tm_mday=6, tm_hour=14, tm_min=38, tm_sec=56, tm_wday=5, tm_yday=6, tm_isdst=0)",b'1310\r\n',b'L560000\r\n'
"time.struct_time(tm_year=2018, tm_mon=1, tm_mday=6, tm_hour=14, tm_min=38, tm_sec=56, tm_wday=5, tm_yday=6, tm_isdst=0)",b'1311\r\n',b'L560000\r\n'
"time.struct_time(tm_year=2018, tm_mon=1, tm_mday=6, tm_hour=14, tm_min=38, tm_sec=56, tm_wday=5, tm_yday=6, tm_isdst=0)",b'1312\r\n',b'L560000\r\n'
"time.struct_time(tm_year=2018, tm_mon=1, tm_mday=6, tm_hour=14, tm_min=38, tm_sec=56, tm_wday=5, tm_yday=6, tm_isdst=0)",b'1313\r\n',b'L560000\r\n'
"time.struct_time(tm_year=2018, tm_mon=1, tm_mday=6, tm_hour=14, tm_min=38, tm_sec=56, tm_wday=5, tm_yday=6, tm_isdst=0)",b'1314\r\n',b'L560000\r\n'
"time.struct_time(tm_year=2018, tm_mon=1, tm_mday=6, tm_hour=14, tm_min=38, tm_sec=56, tm_wday=5, tm_yday=6, tm_isdst=0)",b'1315\r\n',b'L560000\r\n'
"time.struct_time(tm_year=2018, tm_mon=1, tm_mday=6, tm_hour=14, tm_min=38, tm_sec=56, tm_wday=5, tm_yday=6, tm_isdst=0)",b'1316\r\n',b'L560000\r\n'
"time.struct_time(tm_year=2018, tm_mon=1, tm_mday=6, tm_hour=14, tm_min=38, tm_sec=56, tm_wday=5, tm_yday=6, tm_isdst=0)",b'1317\r\n',b'L560000\r\n'
"time.struct_time(tm_year=2018, tm_mon=1, tm_mday=6, tm_hour=14, tm_min=38, tm_sec=56, tm_wday=5, tm_yday=6, tm_isdst=0)",b'1318\r\n',b'L560000\r\n'
"time.struct_time(tm_year=2018, tm_mon=1, tm_mday=6, tm_hour=14, tm_min=38, tm_sec=56, tm_wday=5, tm_yday=6, tm_isdst=0)",b'1319\r\n',b'L560000\r\n'
"time.struct_time(tm_year=2018, tm_mon=1, tm_mday=6, tm_hour=14, tm_min=38, tm_sec=56, tm_wday=5, tm_yday=6, tm_isdst=0)",b'1320\r\n',b'L560000\r\n'
"time.struct_time(tm_year=2018, tm_mon=1, tm_mday=6, tm_hour=14, tm_min=38, tm_sec=56, tm_wday=5, tm_yday=6, tm_isdst=0)",b'1321\r\n',b'L560000\r\n'
"time.struct_time(tm_year=2018, tm_mon=1, tm_mday=6, tm_hour=14, tm_min=38, tm_sec=56, tm_wday=5, tm_yday=6, tm_isdst=0)",b'1322\r\n',b'L560000\r\n'
"time.struct_time(tm_year=2018, tm_mon=1, tm_mday=6, tm_hour=14, tm_min=38, tm_sec=57, tm_wday=5, tm_yday=6, tm_isdst=0)",b'1323\r\n',b'L560000\r\n'
"time.struct_time(tm_year=2018, tm_mon=1, tm_mday=6, tm_hour=14, tm_min=38, tm_sec=57, tm_wday=5, tm_yday=6, tm_isdst=0)",b'1324\r\n',b'L560000\r\n'
"time.struct_time(tm_year=2018, tm_mon=1, tm_mday=6, tm_hour=14, tm_min=38, tm_sec=57, tm_wday=5, tm_yday=6, tm_isdst=0)",b'1325\r\n',b'L560000\r\n'
"time.struct_time(tm_year=2018, tm_mon=1, tm_mday=6, tm_hour=14, tm_min=38, tm_sec=57, tm_wday=5, tm_yday=6, tm_isdst=0)",b'1326\r\n',b'L560000\r\n'
"time.struct_time(tm_year=2018, tm_mon=1, tm_mday=6, tm_hour=14, tm_min=38, tm_sec=57, tm_wday=5, tm_yday=6, tm_isdst=0)",b'1327\r\n',b'L560000\r\n'
"time.struct_time(tm_year=2018, tm_mon=1, tm_mday=6, tm_hour=14, tm_min=38, tm_sec=57, tm_wday=5, tm_yday=6, tm_isdst=0)",b'1328\r\n',b'L560000\r\n'
"time.struct_time(tm_year=2018, tm_mon=1, tm_mday=6, tm_hour=14, tm_min=38, tm_sec=57, tm_wday=5, tm_yday=6, tm_isdst=0)",b'1329\r\n',b'L560000\r\n'
"time.struct_time(tm_year=2018, tm_mon=1, tm_mday=6, tm_hour=14, tm_min=38, tm_sec=57, tm_wday=5, tm_yday=6, tm_isdst=0)",b'1330\r\n',b'L560000\r\n'
"time.struct_time(tm_year=2018, tm_mon=1, tm_mday=6, tm_hour=14, tm_min=38, tm_sec=57, tm_wday=5, tm_yday=6, tm_isdst=0)",b'1331\r\n',b'L560000\r\n'
"time.struct_time(tm_year=2018, tm_mon=1, tm_mday=6, tm_hour=14, tm_min=38, tm_sec=57, tm_wday=5, tm_yday=6, tm_isdst=0)",b'1332\r\n',b'L560000\r\n'
"time.struct_time(tm_year=2018, tm_mon=1, tm_mday=6, tm_hour=14, tm_min=38, tm_sec=57, tm_wday=5, tm_yday=6, tm_isdst=0)",b'1333\r\n',b'L560000\r\n'
"time.struct_time(tm_year=2018, tm_mon=1, tm_mday=6, tm_hour=14, tm_min=38, tm_sec=57, tm_wday=5, tm_yday=6, tm_isdst=0)",b'1334\r\n',b'L560000\r\n'
"time.struct_time(tm_year=2018, tm_mon=1, tm_mday=6, tm_hour=14, tm_min=38, tm_sec=57, tm_wday=5, tm_yday=6, tm_isdst=0)",b'1335\r\n',b'L560000\r\n'
"time.struct_time(tm_year=2018, tm_mon=1, tm_mday=6, tm_hour=14, tm_min=38, tm_sec=58, tm_wday=5, tm_yday=6, tm_isdst=0)",b'1336\r\n',b'L560000\r\n'
"time.struct_time(tm_year=2018, tm_mon=1, tm_mday=6, tm_hour=14, tm_min=38, tm_sec=58, tm_wday=5, tm_yday=6, tm_isdst=0)",b'1337\r\n',b'L560000\r\n'
"time.struct_time(tm_year=2018, tm_mon=1, tm_mday=6, tm_hour=14, tm_min=38, tm_sec=58, tm_wday=5, tm_yday=6, tm_isdst=0)",b'1338\r\n',b'L560000\r\n'
"time.struct_time(tm_year=2018, tm_mon=1, tm_mday=6, tm_hour=14, tm_min=38, tm_sec=58, tm_wday=5, tm_yday=6, tm_isdst=0)",b'1339\r\n',b'L001000\r\n'
"time.struct_time(tm_year=2018, tm_mon=1, tm_mday=6, tm_hour=14, tm_min=38, tm_sec=58, tm_wday=5, tm_yday=6, tm_isdst=0)",b'1340\r\n',b'L001000\r\n'
"time.struct_time(tm_year=2018, tm_mon=1, tm_mday=6, tm_hour=14, tm_min=38, tm_sec=58, tm_wday=5, tm_yday=6, tm_isdst=0)",b'1341\r\n',b'L001000\r\n'
"time.struct_time(tm_year=2018, tm_mon=1, tm_mday=6, tm_hour=14, tm_min=38, tm_sec=58, tm_wday=5, tm_yday=6, tm_isdst=0)",b'1342\r\n',b'L012000\r\n'
"time.struct_time(tm_year=2018, tm_mon=1, tm_mday=6, tm_hour=14, tm_min=38, tm_sec=58, tm_wday=5, tm_yday=6, tm_isdst=0)",b'1343\r\n',b'L012000\r\n'
"time.struct_time(tm_year=2018, tm_mon=1, tm_mday=6, tm_hour=14, tm_min=38, tm_sec=58, tm_wday=5, tm_yday=6, tm_isdst=0)",b'1344\r\n',b'L012000\r\n'
"time.struct_time(tm_year=2018, tm_mon=1, tm_mday=6, tm_hour=14, tm_min=38, tm_sec=58, tm_wday=5, tm_yday=6, tm_isdst=0)",b'1345\r\n',b'L012000\r\n'
"time.struct_time(tm_year=2018, tm_mon=1, tm_mday=6, tm_hour=14, tm_min=38, tm_sec=58, tm_wday=5, tm_yday=6, tm_isdst=0)",b'1346\r\n',b'L120000\r\n'
"time.struct_time(tm_year=2018, tm_mon=1, tm_mday=6, tm_hour=14, tm_min=38, tm_sec=58, tm_wday=5, tm_yday=6, tm_isdst=0)",b'1347\r\n',b'L120000\r\n'
"time.struct_time(tm_year=2018, tm_mon=1, tm_mday=6, tm_hour=14, tm_min=38, tm_sec=59, tm_wday=5, tm_yday=6, tm_isdst=0)",b'1348\r\n',b'L120000\r\n'
"time.struct_time(tm_year=2018, tm_mon=1, tm_mday=6, tm_hour=14, tm_min=38, tm_sec=59, tm_wday=5, tm_yday=6, tm_isdst=0)",b'1349\r\n',b'L120000\r\n'
"time.struct_time(tm_year=2018, tm_mon=1, tm_mday=6, tm_hour=14, tm_min=38, tm_sec=59, tm_wday=5, tm_yday=6, tm_isdst=0)",b'1350\r\n',b'L120000\r\n'
"time.struct_time(tm_year=2018, tm_mon=1, tm_mday=6, tm_hour=14, tm_min=38, tm_sec=59, tm_wday=5, tm_yday=6, tm_isdst=0)",b'1351\r\n',b'L120000\r\n'
"time.struct_time(tm_year=2018, tm_mon=1, tm_mday=6, tm_hour=14, tm_min=38, tm_sec=59, tm_wday=5, tm_yday=6, tm_isdst=0)",b'1352\r\n',b'L120000\r\n'
"time.struct_time(tm_year=2018, tm_mon=1, tm_mday=6, tm_hour=14, tm_min=38, tm_sec=59, tm_wday=5, tm_yday=6, tm_isdst=0)",b'1353\r\n',b'L120000\r\n'
"time.struct_time(tm_year=2018, tm_mon=1, tm_mday=6, tm_hour=14, tm_min=38, tm_sec=59, tm_wday=5, tm_yday=6, tm_isdst=0)",b'1354\r\n',b'L120000\r\n'
"time.struct_time(tm_year=2018, tm_mon=1, tm_mday=6, tm_hour=14, tm_min=38, tm_sec=59, tm_wday=5, tm_yday=6, tm_isdst=0)",b'1355\r\n',b'L120000\r\n'
"time.struct_time(tm_year=2018, tm_mon=1, tm_mday=6, tm_hour=14, tm_min=38, tm_sec=59, tm_wday=5, tm_yday=6, tm_isdst=0)",b'1356\r\n',b'L120000\r\n'
"time.struct_time(tm_year=2018, tm_mon=1, tm_mday=6, tm_hour=14, tm_min=38, tm_sec=59, tm_wday=5, tm_yday=6, tm_isdst=0)",b'1357\r\n',b'L120000\r\n'
"time.struct_time(tm_year=2018, tm_mon=1, tm_mday=6, tm_hour=14, tm_min=38, tm_sec=59, tm_wday=5, tm_yday=6, tm_isdst=0)",b'1358\r\n',b'L120000\r\n'
"time.struct_time(tm_year=2018, tm_mon=1, tm_mday=6, tm_hour=14, tm_min=38, tm_sec=59, tm_wday=5, tm_yday=6, tm_isdst=0)",b'1359\r\n',b'L120000\r\n'
"time.struct_time(tm_year=2018, tm_mon=1, tm_mday=6, tm_hour=14, tm_min=38, tm_sec=59, tm_wday=5, tm_yday=6, tm_isdst=0)",b'1360\r\n',b'L120000\r\n'
"time.struct_time(tm_year=2018, tm_mon=1, tm_mday=6, tm_hour=14, tm_min=39, tm_sec=0, tm_wday=5, tm_yday=6, tm_isdst=0)",b'1361\r\n',b'L120000\r\n'
"time.struct_time(tm_year=2018, tm_mon=1, tm_mday=6, tm_hour=14, tm_min=39, tm_sec=0, tm_wday=5, tm_yday=6, tm_isdst=0)",b'1362\r\n',b'L120000\r\n'
"time.struct_time(tm_year=2018, tm_mon=1, tm_mday=6, tm_hour=14, tm_min=39, tm_sec=0, tm_wday=5, tm_yday=6, tm_isdst=0)",b'1363\r\n',b'L120000\r\n'
"time.struct_time(tm_year=2018, tm_mon=1, tm_mday=6, tm_hour=14, tm_min=39, tm_sec=0, tm_wday=5, tm_yday=6, tm_isdst=0)",b'1364\r\n',b'L120000\r\n'
"time.struct_time(tm_year=2018, tm_mon=1, tm_mday=6, tm_hour=14, tm_min=39, tm_sec=0, tm_wday=5, tm_yday=6, tm_isdst=0)",b'1365\r\n',b'L120000\r\n'
"time.struct_time(tm_year=2018, tm_mon=1, tm_mday=6, tm_hour=14, tm_min=39, tm_sec=0, tm_wday=5, tm_yday=6, tm_isdst=0)",b'1366\r\n',b'L120000\r\n'
"time.struct_time(tm_year=2018, tm_mon=1, tm_mday=6, tm_hour=14, tm_min=39, tm_sec=0, tm_wday=5, tm_yday=6, tm_isdst=0)",b'1367\r\n',b'L120000\r\n'
"time.struct_time(tm_year=2018, tm_mon=1, tm_mday=6, tm_hour=14, tm_min=39, tm_sec=0, tm_wday=5, tm_yday=6, tm_isdst=0)",b'1368\r\n',b'L120000\r\n'
"time.struct_time(tm_year=2018, tm_mon=1, tm_mday=6, tm_hour=14, tm_min=39, tm_sec=0, tm_wday=5, tm_yday=6, tm_isdst=0)",b'1369\r\n',b'L120000\r\n'
"time.struct_time(tm_year=2018, tm_mon=1, tm_mday=6, tm_hour=14, tm_min=39, tm_sec=0, tm_wday=5, tm_yday=6, tm_isdst=0)",b'1370\r\n',b'L120000\r\n'
"time.struct_time(tm_year=2018, tm_mon=1, tm_mday=6, tm_hour=14, tm_min=39, tm_sec=0, tm_wday=5, tm_yday=6, tm_isdst=0)",b'1371\r\n',b'L120000\r\n'
"time.struct_time(tm_year=2018, tm_mon=1, tm_mday=6, tm_hour=14, tm_min=39, tm_sec=0, tm_wday=5, tm_yday=6, tm_isdst=0)",b'1372\r\n',b'L120000\r\n'
"time.struct_time(tm_year=2018, tm_mon=1, tm_mday=6, tm_hour=14, tm_min=39, tm_sec=0, tm_wday=5, tm_yday=6, tm_isdst=0)",b'1373\r\n',b'L120000\r\n'
"time.struct_time(tm_year=2018, tm_mon=1, tm_mday=6, tm_hour=14, tm_min=39, tm_sec=1, tm_wday=5, tm_yday=6, tm_isdst=0)",b'1374\r\n',b'L120000\r\n'
"time.struct_time(tm_year=2018, tm_mon=1, tm_mday=6, tm_hour=14, tm_min=39, tm_sec=1, tm_wday=5, tm_yday=6, tm_isdst=0)",b'1375\r\n',b'L120000\r\n'
"time.struct_time(tm_year=2018, tm_mon=1, tm_mday=6, tm_hour=14, tm_min=39, tm_sec=1, tm_wday=5, tm_yday=6, tm_isdst=0)",b'1376\r\n',b'L120000\r\n'
"time.struct_time(tm_year=2018, tm_mon=1, tm_mday=6, tm_hour=14, tm_min=39, tm_sec=1, tm_wday=5, tm_yday=6, tm_isdst=0)",b'1377\r\n',b'L120000\r\n'
"time.struct_time(tm_year=2018, tm_mon=1, tm_mday=6, tm_hour=14, tm_min=39, tm_sec=1, tm_wday=5, tm_yday=6, tm_isdst=0)",b'1378\r\n',b'L120000\r\n'
"time.struct_time(tm_year=2018, tm_mon=1, tm_mday=6, tm_hour=14, tm_min=39, tm_sec=1, tm_wday=5, tm_yday=6, tm_isdst=0)",b'1379\r\n',b'L120000\r\n'
"time.struct_time(tm_year=2018, tm_mon=1, tm_mday=6, tm_hour=14, tm_min=39, tm_sec=1, tm_wday=5, tm_yday=6, tm_isdst=0)",b'1380\r\n',b'L120000\r\n'
"time.struct_time(tm_year=2018, tm_mon=1, tm_mday=6, tm_hour=14, tm_min=39, tm_sec=1, tm_wday=5, tm_yday=6, tm_isdst=0)",b'1381\r\n',b'L120000\r\n'
"time.struct_time(tm_year=2018, tm_mon=1, tm_mday=6, tm_hour=14, tm_min=39, tm_sec=1, tm_wday=5, tm_yday=6, tm_isdst=0)",b'1382\r\n',b'L120000\r\n'
"time.struct_time(tm_year=2018, tm_mon=1, tm_mday=6, tm_hour=14, tm_min=39, tm_sec=1, tm_wday=5, tm_yday=6, tm_isdst=0)",b'1383\r\n',b'L120000\r\n'
"time.struct_time(tm_year=2018, tm_mon=1, tm_mday=6, tm_hour=14, tm_min=39, tm_sec=1, tm_wday=5, tm_yday=6, tm_isdst=0)",b'1384\r\n',b'L120000\r\n'
"time.struct_time(tm_year=2018, tm_mon=1, tm_mday=6, tm_hour=14, tm_min=39, tm_sec=1, tm_wday=5, tm_yday=6, tm_isdst=0)",b'1385\r\n',b'L120000\r\n'
"time.struct_time(tm_year=2018, tm_mon=1, tm_mday=6, tm_hour=14, tm_min=39, tm_sec=1, tm_wday=5, tm_yday=6, tm_isdst=0)",b'1386\r\n',b'L120000\r\n'
"time.struct_time(tm_year=2018, tm_mon=1, tm_mday=6, tm_hour=14, tm_min=39, tm_sec=2, tm_wday=5, tm_yday=6, tm_isdst=0)",b'1387\r\n',b'L120000\r\n'
"time.struct_time(tm_year=2018, tm_mon=1, tm_mday=6, tm_hour=14, tm_min=39, tm_sec=2, tm_wday=5, tm_yday=6, tm_isdst=0)",b'1388\r\n',b'L120000\r\n'
"time.struct_time(tm_year=2018, tm_mon=1, tm_mday=6, tm_hour=14, tm_min=39, tm_sec=2, tm_wday=5, tm_yday=6, tm_isdst=0)",b'1389\r\n',b'L120000\r\n'
"time.struct_time(tm_year=2018, tm_mon=1, tm_mday=6, tm_hour=14, tm_min=39, tm_sec=2, tm_wday=5, tm_yday=6, tm_isdst=0)",b'1390\r\n',b'L120000\r\n'
"time.struct_time(tm_year=2018, tm_mon=1, tm_mday=6, tm_hour=14, tm_min=39, tm_sec=2, tm_wday=5, tm_yday=6, tm_isdst=0)",b'1391\r\n',b'L120000\r\n'
"time.struct_time(tm_year=2018, tm_mon=1, tm_mday=6, tm_hour=14, tm_min=39, tm_sec=2, tm_wday=5, tm_yday=6, tm_isdst=0)",b'1392\r\n',b'R120000\r\n'
"time.struct_time(tm_year=2018, tm_mon=1, tm_mday=6, tm_hour=14, tm_min=39, tm_sec=2, tm_wday=5, tm_yday=6, tm_isdst=0)",b'1393\r\n',b'R120000\r\n'
"time.struct_time(tm_year=2018, tm_mon=1, tm_mday=6, tm_hour=14, tm_min=39, tm_sec=2, tm_wday=5, tm_yday=6, tm_isdst=0)",b'1394\r\n',b'R120000\r\n'
"time.struct_time(tm_year=2018, tm_mon=1, tm_mday=6, tm_hour=14, tm_min=39, tm_sec=2, tm_wday=5, tm_yday=6, tm_isdst=0)",b'1395\r\n',b'R120000\r\n'
"time.struct_time(tm_year=2018, tm_mon=1, tm_mday=6, tm_hour=14, tm_min=39, tm_sec=2, tm_wday=5, tm_yday=6, tm_isdst=0)",b'1396\r\n',b'R120000\r\n'
"time.struct_time(tm_year=2018, tm_mon=1, tm_mday=6, tm_hour=14, tm_min=39, tm_sec=2, tm_wday=5, tm_yday=6, tm_isdst=0)",b'1397\r\n',b'R120000\r\n'
"time.struct_time(tm_year=2018, tm_mon=1, tm_mday=6, tm_hour=14, tm_min=39, tm_sec=2, tm_wday=5, tm_yday=6, tm_isdst=0)",b'1398\r\n',b'R120000\r\n'
"time.struct_time(tm_year=2018, tm_mon=1, tm_mday=6, tm_hour=14, tm_min=39, tm_sec=3, tm_wday=5, tm_yday=6, tm_isdst=0)",b'1399\r\n',b'R120000\r\n'
"time.struct_time(tm_year=2018, tm_mon=1, tm_mday=6, tm_hour=14, tm_min=39, tm_sec=3, tm_wday=5, tm_yday=6, tm_isdst=0)",b'1400\r\n',b'R120000\r\n'
"time.struct_time(tm_year=2018, tm_mon=1, tm_mday=6, tm_hour=14, tm_min=39, tm_sec=3, tm_wday=5, tm_yday=6, tm_isdst=0)",b'1401\r\n',b'R120000\r\n'
"time.struct_time(tm_year=2018, tm_mon=1, tm_mday=6, tm_hour=14, tm_min=39, tm_sec=3, tm_wday=5, tm_yday=6, tm_isdst=0)",b'1402\r\n',b'R120000\r\n'
"time.struct_time(tm_year=2018, tm_mon=1, tm_mday=6, tm_hour=14, tm_min=39, tm_sec=3, tm_wday=5, tm_yday=6, tm_isdst=0)",b'1403\r\n',b'R120000\r\n'
"time.struct_time(tm_year=2018, tm_mon=1, tm_mday=6, tm_hour=14, tm_min=39, tm_sec=3, tm_wday=5, tm_yday=6, tm_isdst=0)",b'1404\r\n',b'R120000\r\n'
"time.struct_time(tm_year=2018, tm_mon=1, tm_mday=6, tm_hour=14, tm_min=39, tm_sec=3, tm_wday=5, tm_yday=6, tm_isdst=0)",b'1405\r\n',b'R120000\r\n'
"time.struct_time(tm_year=2018, tm_mon=1, tm_mday=6, tm_hour=14, tm_min=39, tm_sec=3, tm_wday=5, tm_yday=6, tm_isdst=0)",b'1406\r\n',b'R120000\r\n'
"time.struct_time(tm_year=2018, tm_mon=1, tm_mday=6, tm_hour=14, tm_min=39, tm_sec=3, tm_wday=5, tm_yday=6, tm_isdst=0)",b'1407\r\n',b'R120000\r\n'
"time.struct_time(tm_year=2018, tm_mon=1, tm_mday=6, tm_hour=14, tm_min=39, tm_sec=3, tm_wday=5, tm_yday=6, tm_isdst=0)",b'1408\r\n',b'R120000\r\n'
"time.struct_time(tm_year=2018, tm_mon=1, tm_mday=6, tm_hour=14, tm_min=39, tm_sec=3, tm_wday=5, tm_yday=6, tm_isdst=0)",b'1409\r\n',b'R120000\r\n'
"time.struct_time(tm_year=2018, tm_mon=1, tm_mday=6, tm_hour=14, tm_min=39, tm_sec=3, tm_wday=5, tm_yday=6, tm_isdst=0)",b'1410\r\n',b'R120000\r\n'
"time.struct_time(tm_year=2018, tm_mon=1, tm_mday=6, tm_hour=14, tm_min=39, tm_sec=3, tm_wday=5, tm_yday=6, tm_isdst=0)",b'1411\r\n',b'R120000\r\n'
"time.struct_time(tm_year=2018, tm_mon=1, tm_mday=6, tm_hour=14, tm_min=39, tm_sec=4, tm_wday=5, tm_yday=6, tm_isdst=0)",b'1412\r\n',b'R120000\r\n'
"time.struct_time(tm_year=2018, tm_mon=1, tm_mday=6, tm_hour=14, tm_min=39, tm_sec=4, tm_wday=5, tm_yday=6, tm_isdst=0)",b'1413\r\n',b'R120000\r\n'
"time.struct_time(tm_year=2018, tm_mon=1, tm_mday=6, tm_hour=14, tm_min=39, tm_sec=4, tm_wday=5, tm_yday=6, tm_isdst=0)",b'1414\r\n',b'R120000\r\n'
"time.struct_time(tm_year=2018, tm_mon=1, tm_mday=6, tm_hour=14, tm_min=39, tm_sec=4, tm_wday=5, tm_yday=6, tm_isdst=0)",b'1415\r\n',b'R120000\r\n'
"time.struct_time(tm_year=2018, tm_mon=1, tm_mday=6, tm_hour=14, tm_min=39, tm_sec=4, tm_wday=5, tm_yday=6, tm_isdst=0)",b'1416\r\n',b'R120000\r\n'
"time.struct_time(tm_year=2018, tm_mon=1, tm_mday=6, tm_hour=14, tm_min=39, tm_sec=4, tm_wday=5, tm_yday=6, tm_isdst=0)",b'1417\r\n',b'R120000\r\n'
"time.struct_time(tm_year=2018, tm_mon=1, tm_mday=6, tm_hour=14, tm_min=39, tm_sec=4, tm_wday=5, tm_yday=6, tm_isdst=0)",b'1418\r\n',b'R120000\r\n'
"time.struct_time(tm_year=2018, tm_mon=1, tm_mday=6, tm_hour=14, tm_min=39, tm_sec=4, tm_wday=5, tm_yday=6, tm_isdst=0)",b'1419\r\n',b'R120000\r\n'
"time.struct_time(tm_year=2018, tm_mon=1, tm_mday=6, tm_hour=14, tm_min=39, tm_sec=4, tm_wday=5, tm_yday=6, tm_isdst=0)",b'1420\r\n',b'R120000\r\n'
"time.struct_time(tm_year=2018, tm_mon=1, tm_mday=6, tm_hour=14, tm_min=39, tm_sec=4, tm_wday=5, tm_yday=6, tm_isdst=0)",b'1421\r\n',b'R120000\r\n'
"time.struct_time(tm_year=2018, tm_mon=1, tm_mday=6, tm_hour=14, tm_min=39, tm_sec=4, tm_wday=5, tm_yday=6, tm_isdst=0)",b'1422\r\n',b'R120000\r\n'
"time.struct_time(tm_year=2018, tm_mon=1, tm_mday=6, tm_hour=14, tm_min=39, tm_sec=4, tm_wday=5, tm_yday=6, tm_isdst=0)",b'1423\r\n',b'R120000\r\n'
"time.struct_time(tm_year=2018, tm_mon=1, tm_mday=6, tm_hour=14, tm_min=39, tm_sec=4, tm_wday=5, tm_yday=6, tm_isdst=0)",b'1424\r\n',b'R120000\r\n'
"time.struct_time(tm_year=2018, tm_mon=1, tm_mday=6, tm_hour=14, tm_min=39, tm_sec=5, tm_wday=5, tm_yday=6, tm_isdst=0)",b'1425\r\n',b'R120000\r\n'
"time.struct_time(tm_year=2018, tm_mon=1, tm_mday=6, tm_hour=14, tm_min=39, tm_sec=5, tm_wday=5, tm_yday=6, tm_isdst=0)",b'1426\r\n',b'R120000\r\n'
"time.struct_time(tm_year=2018, tm_mon=1, tm_mday=6, tm_hour=14, tm_min=39, tm_sec=5, tm_wday=5, tm_yday=6, tm_isdst=0)",b'1427\r\n',b'R120000\r\n'
"time.struct_time(tm_year=2018, tm_mon=1, tm_mday=6, tm_hour=14, tm_min=39, tm_sec=5, tm_wday=5, tm_yday=6, tm_isdst=0)",b'1428\r\n',b'R120000\r\n'
"time.struct_time(tm_year=2018, tm_mon=1, tm_mday=6, tm_hour=14, tm_min=39, tm_sec=5, tm_wday=5, tm_yday=6, tm_isdst=0)",b'1429\r\n',b'R120000\r\n'
"time.struct_time(tm_year=2018, tm_mon=1, tm_mday=6, tm_hour=14, tm_min=39, tm_sec=5, tm_wday=5, tm_yday=6, tm_isdst=0)",b'1430\r\n',b'R120000\r\n'
"time.struct_time(tm_year=2018, tm_mon=1, tm_mday=6, tm_hour=14, tm_min=39, tm_sec=5, tm_wday=5, tm_yday=6, tm_isdst=0)",b'1431\r\n',b'R120000\r\n'
"time.struct_time(tm_year=2018, tm_mon=1, tm_mday=6, tm_hour=14, tm_min=39, tm_sec=5, tm_wday=5, tm_yday=6, tm_isdst=0)",b'1432\r\n',b'R120000\r\n'
"time.struct_time(tm_year=2018, tm_mon=1, tm_mday=6, tm_hour=14, tm_min=39, tm_sec=5, tm_wday=5, tm_yday=6, tm_isdst=0)",b'1433\r\n',b'R120000\r\n'
"time.struct_time(tm_year=2018, tm_mon=1, tm_mday=6, tm_hour=14, tm_min=39, tm_sec=5, tm_wday=5, tm_yday=6, tm_isdst=0)",b'1434\r\n',b'R120000\r\n'
"time.struct_time(tm_year=2018, tm_mon=1, tm_mday=6, tm_hour=14, tm_min=39, tm_sec=5, tm_wday=5, tm_yday=6, tm_isdst=0)",b'1435\r\n',b'R120000\r\n'
"time.struct_time(tm_year=2018, tm_mon=1, tm_mday=6, tm_hour=14, tm_min=39, tm_sec=5, tm_wday=5, tm_yday=6, tm_isdst=0)",b'1436\r\n',b'R120000\r\n'
"time.struct_time(tm_year=2018, tm_mon=1, tm_mday=6, tm_hour=14, tm_min=39, tm_sec=6, tm_wday=5, tm_yday=6, tm_isdst=0)",b'1437\r\n',b'R120000\r\n'
"time.struct_time(tm_year=2018, tm_mon=1, tm_mday=6, tm_hour=14, tm_min=39, tm_sec=6, tm_wday=5, tm_yday=6, tm_isdst=0)",b'1438\r\n',b'R120000\r\n'
"time.struct_time(tm_year=2018, tm_mon=1, tm_mday=6, tm_hour=14, tm_min=39, tm_sec=6, tm_wday=5, tm_yday=6, tm_isdst=0)",b'1439\r\n',b'R120000\r\n'
"time.struct_time(tm_year=2018, tm_mon=1, tm_mday=6, tm_hour=14, tm_min=39, tm_sec=6, tm_wday=5, tm_yday=6, tm_isdst=0)",b'1440\r\n',b'R120000\r\n'
"time.struct_time(tm_year=2018, tm_mon=1, tm_mday=6, tm_hour=14, tm_min=39, tm_sec=6, tm_wday=5, tm_yday=6, tm_isdst=0)",b'1441\r\n',b'R120000\r\n'
"time.struct_time(tm_year=2018, tm_mon=1, tm_mday=6, tm_hour=14, tm_min=39, tm_sec=6, tm_wday=5, tm_yday=6, tm_isdst=0)",b'1442\r\n',b'R120000\r\n'
"time.struct_time(tm_year=2018, tm_mon=1, tm_mday=6, tm_hour=14, tm_min=39, tm_sec=6, tm_wday=5, tm_yday=6, tm_isdst=0)",b'1443\r\n',b'R120000\r\n'
"time.struct_time(tm_year=2018, tm_mon=1, tm_mday=6, tm_hour=14, tm_min=39, tm_sec=6, tm_wday=5, tm_yday=6, tm_isdst=0)",b'1444\r\n',b'R120000\r\n'
"time.struct_time(tm_year=2018, tm_mon=1, tm_mday=6, tm_hour=14, tm_min=39, tm_sec=6, tm_wday=5, tm_yday=6, tm_isdst=0)",b'1445\r\n',b'R120000\r\n'
"time.struct_time(tm_year=2018, tm_mon=1, tm_mday=6, tm_hour=14, tm_min=39, tm_sec=6, tm_wday=5, tm_yday=6, tm_isdst=0)",b'1446\r\n',b'R120000\r\n'
"time.struct_time(tm_year=2018, tm_mon=1, tm_mday=6, tm_hour=14, tm_min=39, tm_sec=6, tm_wday=5, tm_yday=6, tm_isdst=0)",b'1447\r\n',b'R120000\r\n'
"time.struct_time(tm_year=2018, tm_mon=1, tm_mday=6, tm_hour=14, tm_min=39, tm_sec=6, tm_wday=5, tm_yday=6, tm_isdst=0)",b'1448\r\n',b'R120000\r\n'
"time.struct_time(tm_year=2018, tm_mon=1, tm_mday=6, tm_hour=14, tm_min=39, tm_sec=6, tm_wday=5, tm_yday=6, tm_isdst=0)",b'1449\r\n',b'R120000\r\n'
"time.struct_time(tm_year=2018, tm_mon=1, tm_mday=6, tm_hour=14, tm_min=39, tm_sec=7, tm_wday=5, tm_yday=6, tm_isdst=0)",b'1450\r\n',b'R120000\r\n'
"time.struct_time(tm_year=2018, tm_mon=1, tm_mday=6, tm_hour=14, tm_min=39, tm_sec=7, tm_wday=5, tm_yday=6, tm_isdst=0)",b'1451\r\n',b'R120000\r\n'
"time.struct_time(tm_year=2018, tm_mon=1, tm_mday=6, tm_hour=14, tm_min=39, tm_sec=7, tm_wday=5, tm_yday=6, tm_isdst=0)",b'1452\r\n',b'R120000\r\n'
"time.struct_time(tm_year=2018, tm_mon=1, tm_mday=6, tm_hour=14, tm_min=39, tm_sec=7, tm_wday=5, tm_yday=6, tm_isdst=0)",b'1453\r\n',b'R120000\r\n'
"time.struct_time(tm_year=2018, tm_mon=1, tm_mday=6, tm_hour=14, tm_min=39, tm_sec=7, tm_wday=5, tm_yday=6, tm_isdst=0)",b'1454\r\n',b'R120000\r\n'
"time.struct_time(tm_year=2018, tm_mon=1, tm_mday=6, tm_hour=14, tm_min=39, tm_sec=7, tm_wday=5, tm_yday=6, tm_isdst=0)",b'1455\r\n',b'R120000\r\n'
"time.struct_time(tm_year=2018, tm_mon=1, tm_mday=6, tm_hour=14, tm_min=39, tm_sec=7, tm_wday=5, tm_yday=6, tm_isdst=0)",b'1456\r\n',b'R120000\r\n'
"time.struct_time(tm_year=2018, tm_mon=1, tm_mday=6, tm_hour=14, tm_min=39, tm_sec=7, tm_wday=5, tm_yday=6, tm_isdst=0)",b'1457\r\n',b'R120000\r\n'
"time.struct_time(tm_year=2018, tm_mon=1, tm_mday=6, tm_hour=14, tm_min=39, tm_sec=7, tm_wday=5, tm_yday=6, tm_isdst=0)",b'1458\r\n',b'R120000\r\n'
"time.struct_time(tm_year=2018, tm_mon=1, tm_mday=6, tm_hour=14, tm_min=39, tm_sec=7, tm_wday=5, tm_yday=6, tm_isdst=0)",b'1459\r\n',b'R120000\r\n'
"time.struct_time(tm_year=2018, tm_mon=1, tm_mday=6, tm_hour=14, tm_min=39, tm_sec=7, tm_wday=5, tm_yday=6, tm_isdst=0)",b'1460\r\n',b'R120000\r\n'
"time.struct_time(tm_year=2018, tm_mon=1, tm_mday=6, tm_hour=14, tm_min=39, tm_sec=7, tm_wday=5, tm_yday=6, tm_isdst=0)",b'1461\r\n',b'R120000\r\n'
"time.struct_time(tm_year=2018, tm_mon=1, tm_mday=6, tm_hour=14, tm_min=39, tm_sec=7, tm_wday=5, tm_yday=6, tm_isdst=0)",b'1462\r\n',b'R120000\r\n'
"time.struct_time(tm_year=2018, tm_mon=1, tm_mday=6, tm_hour=14, tm_min=39, tm_sec=8, tm_wday=5, tm_yday=6, tm_isdst=0)",b'1463\r\n',b'R120000\r\n'
"time.struct_time(tm_year=2018, tm_mon=1, tm_mday=6, tm_hour=14, tm_min=39, tm_sec=8, tm_wday=5, tm_yday=6, tm_isdst=0)",b'1464\r\n',b'R120000\r\n'
"time.struct_time(tm_year=2018, tm_mon=1, tm_mday=6, tm_hour=14, tm_min=39, tm_sec=8, tm_wday=5, tm_yday=6, tm_isdst=0)",b'1465\r\n',b'R120000\r\n'
"time.struct_time(tm_year=2018, tm_mon=1, tm_mday=6, tm_hour=14, tm_min=39, tm_sec=8, tm_wday=5, tm_yday=6, tm_isdst=0)",b'1466\r\n',b'R120000\r\n'
"time.struct_time(tm_year=2018, tm_mon=1, tm_mday=6, tm_hour=14, tm_min=39, tm_sec=8, tm_wday=5, tm_yday=6, tm_isdst=0)",b'1467\r\n',b'R120000\r\n'
"time.struct_time(tm_year=2018, tm_mon=1, tm_mday=6, tm_hour=14, tm_min=39, tm_sec=8, tm_wday=5, tm_yday=6, tm_isdst=0)",b'1468\r\n',b'R120000\r\n'
"time.struct_time(tm_year=2018, tm_mon=1, tm_mday=6, tm_hour=14, tm_min=39, tm_sec=8, tm_wday=5, tm_yday=6, tm_isdst=0)",b'1469\r\n',b'R120000\r\n'
"time.struct_time(tm_year=2018, tm_mon=1, tm_mday=6, tm_hour=14, tm_min=39, tm_sec=8, tm_wday=5, tm_yday=6, tm_isdst=0)",b'1470\r\n',b'R120000\r\n'
"time.struct_time(tm_year=2018, tm_mon=1, tm_mday=6, tm_hour=14, tm_min=39, tm_sec=8, tm_wday=5, tm_yday=6, tm_isdst=0)",b'1471\r\n',b'R120000\r\n'
"time.struct_time(tm_year=2018, tm_mon=1, tm_mday=6, tm_hour=14, tm_min=39, tm_sec=8, tm_wday=5, tm_yday=6, tm_isdst=0)",b'1472\r\n',b'R120000\r\n'
"time.struct_time(tm_year=2018, tm_mon=1, tm_mday=6, tm_hour=14, tm_min=39, tm_sec=8, tm_wday=5, tm_yday=6, tm_isdst=0)",b'1473\r\n',b'R120000\r\n'
"time.struct_time(tm_year=2018, tm_mon=1, tm_mday=6, tm_hour=14, tm_min=39, tm_sec=8, tm_wday=5, tm_yday=6, tm_isdst=0)",b'1474\r\n',b'R120000\r\n'
"time.struct_time(tm_year=2018, tm_mon=1, tm_mday=6, tm_hour=14, tm_min=39, tm_sec=9, tm_wday=5, tm_yday=6, tm_isdst=0)",b'1475\r\n',b'R120000\r\n'
"time.struct_time(tm_year=2018, tm_mon=1, tm_mday=6, tm_hour=14, tm_min=39, tm_sec=9, tm_wday=5, tm_yday=6, tm_isdst=0)",b'1476\r\n',b'R120000\r\n'
"time.struct_time(tm_year=2018, tm_mon=1, tm_mday=6, tm_hour=14, tm_min=39, tm_sec=9, tm_wday=5, tm_yday=6, tm_isdst=0)",b'1477\r\n',b'R120000\r\n'
"time.struct_time(tm_year=2018, tm_mon=1, tm_mday=6, tm_hour=14, tm_min=39, tm_sec=9, tm_wday=5, tm_yday=6, tm_isdst=0)",b'1478\r\n',b'R120000\r\n'
"time.struct_time(tm_year=2018, tm_mon=1, tm_mday=6, tm_hour=14, tm_min=39, tm_sec=9, tm_wday=5, tm_yday=6, tm_isdst=0)",b'1479\r\n',b'R120000\r\n'
"time.struct_time(tm_year=2018, tm_mon=1, tm_mday=6, tm_hour=14, tm_min=39, tm_sec=9, tm_wday=5, tm_yday=6, tm_isdst=0)",b'1480\r\n',b'R120000\r\n'
"time.struct_time(tm_year=2018, tm_mon=1, tm_mday=6, tm_hour=14, tm_min=39, tm_sec=9, tm_wday=5, tm_yday=6, tm_isdst=0)",b'1481\r\n',b'R120000\r\n'
"time.struct_time(tm_year=2018, tm_mon=1, tm_mday=6, tm_hour=14, tm_min=39, tm_sec=9, tm_wday=5, tm_yday=6, tm_isdst=0)",b'1482\r\n',b'R120000\r\n'
"time.struct_time(tm_year=2018, tm_mon=1, tm_mday=6, tm_hour=14, tm_min=39, tm_sec=9, tm_wday=5, tm_yday=6, tm_isdst=0)",b'1483\r\n',b'R120000\r\n'
"time.struct_time(tm_year=2018, tm_mon=1, tm_mday=6, tm_hour=14, tm_min=39, tm_sec=9, tm_wday=5, tm_yday=6, tm_isdst=0)",b'1484\r\n',b'R120000\r\n'
"time.struct_time(tm_year=2018, tm_mon=1, tm_mday=6, tm_hour=14, tm_min=39, tm_sec=9, tm_wday=5, tm_yday=6, tm_isdst=0)",b'1485\r\n',b'R120000\r\n'
"time.struct_time(tm_year=2018, tm_mon=1, tm_mday=6, tm_hour=14, tm_min=39, tm_sec=9, tm_wday=5, tm_yday=6, tm_isdst=0)",b'1486\r\n',b'R120000\r\n'
"time.struct_time(tm_year=2018, tm_mon=1, tm_mday=6, tm_hour=14, tm_min=39, tm_sec=9, tm_wday=5, tm_yday=6, tm_isdst=0)",b'1487\r\n',b'R120000\r\n'
"time.struct_time(tm_year=2018, tm_mon=1, tm_mday=6, tm_hour=14, tm_min=39, tm_sec=10, tm_wday=5, tm_yday=6, tm_isdst=0)",b'1488\r\n',b'R120000\r\n'
"time.struct_time(tm_year=2018, tm_mon=1, tm_mday=6, tm_hour=14, tm_min=39, tm_sec=10, tm_wday=5, tm_yday=6, tm_isdst=0)",b'1489\r\n',b'R120000\r\n'
